DescricaoTaxaPerformance__c;DescricaoTributacao__c;FamiliaCarteira__c;FiltroValorMinimo__c;ProdutoId;LucroMesAnterior__c;PatrimonioLiquidoAtual__c;RentabilidadeAno__c;RentabilidadeFundoUltimos36Meses__c;RentabilidadeMes__c;RiscoAtivo__c;TipoCarteira__c
20% sobre o que exceder a 100% do IBOVESPA;15%;Renda Variável;5000.0;a0W3u000009PBevEAG;224.328.256;63313346.73;400.130.035;0.0;171.944.576;5.0;FIC de Fundo de Ações
20% sobre o que exceder a 100% do IBOVESPA;15%;Renda Variável;5000.0;a0W3u000009PBfAEAW;-44.578.959.999.999.900;4805840752.92;133.401.602;15.760.819.943;178.777.534;5.0;FIC de Fundo de Ações
20% sobre o que exceder a 100% do SMLL;15%;Renda Variável;500.0;a0W3u000009PBlwEAG;736.182.167;174469655.29;1.132.308.654;0.0;368.964.014;5.0;FIC de Fundo de Ações
20% sobre o que exceder a 100% do IBOVESPA;15%;Renda Variável;500.0;a0W3u000009PBm6EAG;488.324.167;74075740.07;817.807.263;34.851.941.397;314.142.747;5.0;Fundo de Ações
20% sobre o que exceder a 100% do CDI;15%;Renda Variável;5000.0;a0W3u000009PCgiEAG;387.455.804;676049290.93;69.456.953;12.591.130.701;295.658.275;5.0;FIC de Fundo de Ações
Não;15%;Renda Variável;5000.0;a0W3u000009PCjNEAW;629.846.485;252720729.28;971.380.845;13.717.616.449;321.297.548;5.0;FIC de Fundo de Ações
20% sobre o que exceder a 100% do IBOVESPA;15%;Renda Variável;10000.0;a0W3u000009PCs3EAG;-75.370.999;550468712.56;128.527.737;12.858.602.676;205.447.212;5.0;FIC de Fundo de Ações
20% sobre o que exceder a 100% do IBRX;15%;Renda Variável;10000.0;a0W3u000009PCs8EAG;143.224.867;119101334.83;396.517.611;0.0;249.716.187;5.0;Fundo de Ações
20% sobre o que exceder a 100% do CDI;Come Cotas;Renda Fixa;25000.0;a0W3u000009PDsgEAG;-156.812.322;2406046.02;-65.609.068;0.0;92.656.218;4.0;FIC de Fundo Multimercado
Não;Come Cotas;Renda Fixa;5000.0;a0W3u000009PDzcEAG;31.427.825;20640512.27;70.402.727;0.0;38.852.796;4.0;FIC de Fundo Multimercado
20% sobre o que exceder a 100% do IBOVESPA;15%;Renda Variável;5000.0;a0W3u000009PE0GEAW;1.222.707;486729875.8;168.076.057;8.882.442.514;166.832.951;5.0;FIC de Fundo de Ações
Não;Come Cotas;Renda Fixa;1000.0;a0W3u000009PE4XEAW;235.973.859;64256400.07;64.557.059;3.279.837.187;64.557.059;4.0;FIC de Fundo Multimercado
20% sobre o que exceder a 100% do CDI;Come Cotas;Renda Fixa;10000.0;a0W3u000009PE5LEAW;-91.934.606;17.823.313.228.632;-6.942.398;258.216.069;85.780.831;4.0;FIC de Fundo Multimercado
20% sobre o que exceder a 100% do CDI;Come Cotas;Renda Fixa;3000.0;a0W3u000009PE5fEAG;52.621.277;181.473.856.053.597;55.320.016;2.530.796.619;2.684.612;3.0;FIC de Fundo de Renda Fixa
20% sobre o que exceder a 100% do IMA-B5;Come Cotas;Renda Fixa;5000.0;a0W3u000009PE6YEAW;48.299.084;64185583.14;58.633.625;385.331.063;10.284.866;3.0;FIC de Fundo de Renda Fixa
20% sobre o que exceder a 100% do IBOVESPA;15%;Renda Variável;1000.0;a0W3u000009PE8yEAG;8.059.038;78864366.09;194.721.516;7.750.520.875;186.512.167;5.0;FIC de Fundo de Ações
Não;Come Cotas;Renda Fixa;1000.0;a0W3u000009PE9DEAW;37.665.165;1899601288.95;42.702.958;2.296.856.288;5.018.889;3.0;Fundo de Renda Fixa
20% sobre o que exceder a 100% do IMAB;Come Cotas;Renda Fixa;5000.0;a0W3u000009PE9IEAW;19.601.204;133684798.14;56.040.298;5.263.201.052;36.367.809;3.0;FIC de Fundo de Renda Fixa
20% sobre o que exceder a 100% do IBOVESPA;15%;Renda Variável;5000.0;a0W3u00000AdCOcEAN;-204.142.285;170516487.85;71.180.676;12.432.924.167;281.060.597;5.0;Fundo de Ações
20% sobre o que exceder a 100% do CDI;15%;Renda Variável;10000.0;a0W3u00000AdCRlEAN;-3.795.336;53698697.19;246.415.068;13.829.935.703;250.305.403;5.0;FIC de Fundo de Ações
Não;Come Cotas;Renda Fixa;500.0;a0W3u00000AdCmFEAV;41.277.357;1203081773.22;45.247.922;2.480.181.301;3.954.243;3.0;Fundo de Renda Fixa
20% sobre o que exceder a 100% do IBOVESPA;15%;Renda Variável;5000.0;a0W3u00000AdCnhEAF;212.167.126;327987962.44;32.888.664;919.619.676;11.429.456;5.0;FIC de Fundo de Ações
20% sobre o que exceder a 100% do CDI;Come Cotas;Renda Fixa;5000.0;a0W3u00000AdCuTEAV;12.358.777;208837549.28;35.211.006;4.066.262.613;22.824.021;4.0;FIC de Fundo Multimercado
20% sobre o que exceder a 100% do CDI;Come Cotas;Renda Fixa;20000.0;a0W3u00000AdDrkEAF;-15.325.134;121.196.942.131.034;-14.520.401;2.645.314.501;805.968;4.0;FIC de Fundo Multimercado
20% sobre o que exceder a 100% do CDI;Come Cotas;Renda Fixa;20000.0;a0W3u00000AdDrzEAF;157.052.882;37.801.951.120.179.900;268.791.889;0.0;110.011.249;5.0;FIC de Fundo Multimercado
Não;Come Cotas;Renda Fixa;1000.0;a0W3u00000AdDsOEAV;36.162.584;992495561.02;34.250.404;2.359.749.352;-190.529;3.0;Fundo de Renda Fixa
20% sobre o que exceder a 100% do IBOVESPA;15%;Renda Variável;1000.0;a0W3u00000AdDtWEAV;77.417.819;68192728.28;193.662.524;9.270.198.333;115.351.678;5.0;FIC de Fundo de Ações
20% sobre o que exceder a 105% do CDI;Come Cotas;Renda Fixa;1000.0;a0W3u00000AdDutEAF;43.954.642;75958668.93;46.408.679.999.999.900;0.0;2.443.298;4.0;FIC de Fundo Multimercado
20% sobre o que exceder a 100% do CDI;Come Cotas;Renda Fixa;10000.0;a0W3u00000AdEEoEAN;97.350.344;173140847.82;176.682.077;322.621.968;78.566.881;4.0;FIC de Fundo Multimercado
Não;Come Cotas;Renda Fixa;1000.0;a0W3u00000AdEFNEA3;33.902.555;888616728.45;34.982.188;2.232.569.167;1.075.986;2.0;Fundo de Renda Fixa
Não;Come Cotas;Renda Fixa;1000.0;a0W3u00000AdEFmEAN;36.073.706;410022669.86;33.820.327;0.0;-2.245.279;4.0;Fundo de Renda Fixa
Não;Come Cotas;Renda Fixa;1000.0;a0W3u00000AdEGBEA3;42.041.219;2328662717.22;42.259.599;2.494.551.578;217.466;3.0;Fundo de Renda Fixa
20% sobre o que exceder a 100% do IMAB;Come Cotas;Renda Fixa;5000.0;a0W3u00000AdEYCEA3;-210.225.771;990432233.77;-14.868.048.999.999.900;9.415.605.442;62.866.905;5.0;FIC de Fundo Multimercado
Não;Come Cotas;Renda Fixa;100.0;a0W3u00000AdFaXEAV;4.546.831;108584970.82;48.348.429;0.0;2.867.083;4.0;FIC de Fundo Multimercado
Não;Come Cotas;Renda Fixa;1000.0;a0W3u00000AdFb1EAF;44.135.845;155456581.14;46.826.919;2.326.054.371;2.679.249;4.0;FIC de Fundo Multimercado
20% sobre o que exceder a 100% do CDI;Come Cotas;Renda Fixa;5000.0;a0W3u00000AdFiHEAV;-230.028.801;25.549.213.250.908;-157.132.675;2.615.467.138;74.612.426;4.0;FIC de Fundo Multimercado
20% sobre o que exceder a 100% do CDI;Come Cotas;Renda Fixa;1000.0;a0W3u00000AdFiREAV;-406.629;477977616.01;18.441.288;2.388.155.912;18.848.683;3.0;FIC de Fundo Multimercado
20% sobre o que exceder a 100% do IBOVESPA;15%;Renda Variável;5000.0;a0W3u00000AdFwxEAF;68.441.006;6.404.199.623.059;30.815.622.000.000.000;71.402.509;238.085.732;5.0;FIC de Fundo de Ações
20% sobre o que exceder a 100% do IBOVESPA;15%;Renda Variável;10000.0;a0W3u00000AdFxlEAF;178.541.155;179529566.85;432.504.944;1.225.728.064;249.509.026;5.0;Fundo de Ações
20% sobre o que exceder a 100% do CDI;Come Cotas;Renda Fixa;1000.0;a0W3u00000AdGFTEA3;93.394.023;228020745.56;109.718.568;279.326.729;16.173.494;3.0;FIC de Fundo Multimercado
20% sobre o que exceder a 100% do CDI;Come Cotas;Renda Fixa;10000.0;a0W3u00000AdGFdEAN;46.466.868;190794749.12;55.202.555;2.734.905.951;8.695.283;2.0;FIC de Fundo de Renda Fixa
Não;Come Cotas;Renda Fixa;5000.0;a0W3u00000AdGGREA3;41.322.378;410303702.19;41.280.307;2.382.085.079;-41.898;4.0;Fundo de Renda Fixa
20% sobre o que exceder a 100% do IBOVESPA;15%;Renda Variável;1000.0;a0W3u00000AdGGqEAN;90.011.608;1067949885.2;282.804.536;9.775.060.498;191.073.048;5.0;FIC de Fundo de Ações
Não;Come Cotas;Renda Fixa;5000.0;a0W3u00000AdGTbEAN;52.222.803;182335517.88;62.373.027;3.624.016.731;10.097.492;4.0;FIC de Fundo de Renda Fixa
20% sobre o que exceder a 100% do CDI;Come Cotas;Renda Fixa;500.0;a0W3u00000AdGbzEAF;50.208.478;282839130.63;55.153.547;246.217.581;4.920.365;2.0;Fundo de Renda Fixa
20% sobre o que exceder a 100% do CDI;Come Cotas;Renda Fixa;5000.0;a0W3u00000AdGc4EAF;-5.959.455;91543743.95;16.018.463;2.691.527.322;21.991.024;3.0;Fundo Multimercado
20% sobre o que exceder a 100% do IBRX 100;15%;Renda Variável;20000.0;a0W3u00000AdGc9EAF;-154.717.368;213438379.36;15.152.387;8.289.534.028;172.539.237;5.0;Fundo de Ações
20% sobre o que exceder a 100% do IRFM + 1;Come Cotas;Renda Fixa;5000.0;a0W3u00000AdGcxEAF;125.760.148;379978489.75;168.296.021;530.700.181;42.007.585;4.0;Fundo de Renda Fixa
Não;Come Cotas;Renda Fixa;5000.0;a0W3u00000AdGdCEAV;-2.601.701;664748224.96;50.665.849;6.067.247.921;53.281.413;5.0;FIC de Fundo de Renda Fixa
20% sobre o que exceder a 100% do IMAB-5;Come Cotas;Renda Fixa;500.0;a0W3u00000AdGdREAV;94.918.651;533873716.51;107.003.106;4.066.620.578;1.197.083;5.0;Fundo de Renda Fixa
20% sobre o que exceder a 100% do IPCA + YIELD do IMA-B5;15%;Renda Variável;20000.0;a0W3u00000AdGe0EAF;563.031.375;32.508.234.231.005;714.071.742;0.0;142.989.604;5.0;FIC de Fundo de Ações
20% sobre o que exceder a 100% do CDI;Come Cotas;Renda Fixa;20000.0;a0W3u00000AdGgBEAV;-133.214.624;1084148361.74;-98.123.235;0.0;3.556.517;4.0;FIC de Fundo Multimercado
Não;15%;Renda Variável;20000.0;a0W3u00000AdGgQEAV;501.527.319;350223701.01;756.650.669;0.0;242.939.281;5.0;FIC de Fundo de Ações
20% sobre o que exceder a 100% do CDI;Come Cotas;Renda Fixa;5000.0;a0W3u00000AdGoWEAV;43.405.702;2214119468.23;46.518.546;2.482.830.471;309.939;4.0;FIC de Fundo de Renda Fixa
Não;Come Cotas;Renda Fixa;1000.0;a0W3u00000AdGobEAF;33.023.424;60895814.63;37.466.195;2.176.327.187;4.428.148;3.0;FIC de Fundo de Renda Fixa
20% sobre o que exceder a 100% do CDI;Come Cotas;Renda Fixa;5000.0;a0W3u00000AdGogEAF;50.522.677;35193194.04;5.426.141.999.999.990;0.0;3.719.948;4.0;FIC de Fundo de Renda Fixa
20% sobre o que exceder a 100% do CDI;Come Cotas;Renda Fixa;5000.0;a0W3u00000AdGp5EAF;64.258.343;35196453.91;68.700.671;0.0;4.413.965;4.0;FIC de Fundo de Renda Fixa
20% sobre o que exceder a 100% do IPCA + YIELD do IMA-B5;Come Cotas;Renda Fixa;5000.0;a0W3u00000AdGuAEAV;-498.427.728;97015995.92;-252.671.545;0.0;258.647.912;5.0;FIC de Fundo Multimercado
20% sobre o que exceder a 100% do IPCA + YIELD do IMA-B;Come Cotas;Renda Fixa;5000.0;a0W3u00000AdGvIEAV;-24.061.239;29332390.18;-195.563.769;0.0;46.159.269.999.999.900;5.0;FIC de Fundo Multimercado
15% sobre o que exceder a 100% do CDI;Come Cotas;Renda Fixa;5000.0;a0W3u00000AdGwLEAV;337.390.134;991953692.93;465.333.596;-1.040.077.939;123.767.663;4.0;FIC de Fundo Multimercado
20% sobre o que exceder a 100% do CDI;Come Cotas;Renda Fixa;5000.0;a0W3u00000AdGwVEAV;-159.579.646;763390222.04;-105.702.173;3.433.072.977;5.475.119;4.0;FIC de Fundo Multimercado
20% sobre o que exceder a 100% do CDI;Come Cotas;Renda Fixa;5000.0;a0W3u00000AdGwkEAF;-101.533.415;282196067.16;-64.547.055;2.862.469.769;37.365.747;4.0;FIC de Fundo Multimercado
Não;15%;Renda Variável;5000.0;a0W3u00000AdGx9EAF;-112.676.362;189423788.0;67.543.388;8.471.418.398;182.273.542;5.0;FIC de Fundo de Ações
15% sobre o que exceder a 100% do IMA-G;15%;Renda Variável;5000.0;a0W3u00000AdGxEEAV;63.540.425;209849277.14;232.946.628;9.793.654.554;168.336.585;5.0;FIC de Fundo de Ações
10% sobre o que exceder a 100% do IPCA + YIELD do IMA-B5;15%;Renda Variável;5000.0;a0W3u00000AdGztEAF;88.889.351;113951820.83;32.171.377;9.440.190.761;230.773.091;5.0;FIC de Fundo de Ações
20% sobre o que exceder a 100% do IBOVESPA;15%;Renda Variável;5000.0;a0W3u00000AdH5SEAV;47.931.808;90676467.11;273.762.591;9.897.049.768;2.247.535;5.0;FIC de Fundo de Ações
20% sobre o que exceder a 100% do IBOVESPA;15%;Renda Variável;10000.0;a0W3u00000AdH6BEAV;-248.062.827;223937631.2;-37.750.873;0.0;215.661.719;5.0;FIC de Fundo de Ações
20% sobre o que exceder a 100% do IBOVESPA;15%;Renda Variável;5000.0;a0W3u00000AdHICEA3;139.746;8.048.192.350.036;20.062.869;0.0;200.486.142;5.0;FIC de Fundo de Ações
20% sobre o que exceder a 100% do CDI;Come Cotas;Renda Fixa;10000.0;a0W3u00000AdHIMEA3;47.725.103;45451432.53;59.046.579;0.0;11.267.701;4.0;FIC de Fundo Multimercado
20% sobre o que exceder a 100% do IPCA + YIELD do IMA-B;Come Cotas;Renda Fixa;10000.0;a0W3u00000AdHIREA3;190.361.423;7380722.2;305.124.918;0.0;112.619.652;5.0;FIC de Fundo Multimercado
20% sobre o que exceder a 100% do CDI;Come Cotas;Renda Fixa;5000.0;a0W3u00000AdHIgEAN;-51.081.827;88071838.11;-76.873.188;227.262.715;-25.923.784;4.0;FIC de Fundo Multimercado
20% sobre o que exceder a 100% do CDI;Come Cotas;Renda Fixa;5000.0;a0W3u00000AdHJtEAN;74.429.377;31322669.83;-64.980.778;2.313.814.782;-1.383.802;4.0;FIC de Fundo Multimercado
Não;Come Cotas;Renda Fixa;1000.0;a0W3u00000AdHK3EAN;46.410.531;262557547.54;50.066.246;2.341.856.576;3.638.827;3.0;Fundo de Renda Fixa
20% sobre o que exceder a 100% do IPCA + YIELD do IMA-B;15%;Renda Variável;5000.0;a0W3u00000AdHSHEA3;51.474.279;159665311.12;16.650.596.999.999.900;0.0;114.442.607;5.0;FIC de Fundo de Ações
20% sobre o que exceder a 100% do CDI;Come Cotas;Renda Fixa;5000.0;a0W3u00000AdHSREA3;62.183.848;750219381.11;75.536.752;3.258.242.614;13.270.384;3.0;FIC de Fundo Multimercado
20% sobre o que exceder a 100% do IBOVESPA;15%;Renda Variável;20000.0;a0W3u00000AdHWyEAN;-66.926.807;3799054673.29;218.193;14.446.343.884;67.597.408;5.0;FIC de Fundo de Ações
20% sobre o que exceder a 100% do CDI;Come Cotas;Renda Fixa;20000.0;a0W3u00000AdHYkEAN;-58.939.386;274647217.39;-76.742.076;2.877.365.846;-17.908.241;4.0;FIC de Fundo Multimercado
20% sobre o que exceder a 100% do CDI;Come Cotas;Renda Fixa;5000.0;a0W3u00000AdHaWEAV;255.658.577;1306999219.68;448.535.152;0.0;188.068.444;5.0;FIC de Fundo Multimercado
20% sobre o que exceder a 100% do CDI;Come Cotas;Renda Fixa;10000.0;a0W3u00000AdHagEAF;-12.955.566;113878238.3;-57.702.604;2.003.004.927;72.796.171;4.0;FIC de Fundo Multimercado
20% sobre o que exceder a 100% do CDI;Come Cotas;Renda Fixa;20000.0;a0W3u00000AdHikEAF;7.403.247;13240865.83;82.826.609;0.0;8.729.512;4.0;FIC de Fundo de Renda Fixa
20% sobre o que exceder a 100% do CDI;15%;Renda Variável;1000.0;a0W3u00000AdHizEAF;12.769.821;425599374.57;67.372.343;4.378.971.169;54.532.884;5.0;FIC de Fundo de Ações
20% sobre o que exceder a 100% do IBOVESPA;15%;Renda Variável;5000.0;a0W3u00000AdHlKEAV;134.759.535;98044010.09;234.390.182;0.0;98.305.881;5.0;FIC de Fundo de Ações
10% sobre o que exceder a 100% do CDI;Come Cotas;Renda Fixa;1000.0;a0W3u00000AdJjVEAV;110.372.444;108309943.44;108.919.829;0.0;-1.436.757;4.0;Fundo Multimercado
Não;Come Cotas;Renda Fixa;100.0;a0W3u00000AdJk9EAF;47.794.058;15406580.69;50.958.757;0.0;3.149.646;4.0;Fundo de Renda Fixa
Não;Come Cotas;Renda Fixa;100.0;a0W3u00000AdJkEEAV;43.260.846;129874826.21;50.394.545;2.462.016.809;7.102.971;3.0;Fundo de Renda Fixa
20% sobre o que exceder a 100% do CDI;Come Cotas;Renda Fixa;5000.0;a0W3u00000AdJt1EAF;47.587.099;8277176.43;51.122.007;0.0;3.518.166;4.0;FIC de Fundo de Renda Fixa
20% sobre o que exceder a 100% do CDI;Come Cotas;Renda Fixa;5000.0;a0W3u00000AdJt6EAF;32.794.751;426445424.88;34.147.144;0.0;1.347.972;5.0;Fundo de Renda Fixa
10% sobre o que exceder a 100% do CDI;Come Cotas;Renda Fixa;1000.0;a0W3u00000AdJtBEAV;45.548.990.000.000.000;2460230190.89;49.445.919;0.0;3.879.259;3.0;Fundo de Renda Fixa
20% sobre o que exceder a 100% do IBRX;15%;Renda Variável;5000.0;a0W3u00000AdKAqEAN;191.878.628;151189033.65;432.803.724;9.323.339.612;236.389.291;5.0;FIC de Fundo de Ações
20% sobre o que exceder a 100% do IBRX;15%;Renda Variável;10000.0;a0W3u00000AdKNzEAN;228.273.857;136690890.27;352.221.653;9.658.391.771;121.181.538;5.0;FIC de Fundo de Ações
20% sobre o que exceder a 100% do IMA-B;Come Cotas;Renda Fixa;5000.0;a0W3u00000AdKOYEA3;31.271.879;266943618.4;364.010.695;8.722.730.217;49.736.549;5.0;FIC de Fundo Multimercado
20% sobre o que exceder a 100% do CDI;Come Cotas;Renda Fixa;5000.0;a0W3u00000AdKOdEAN;1.835.557;3343256386.6;48.862.833;4.533.034.039;30.451.368;5.0;FIC de Fundo Multimercado
20% sobre o que exceder a 100% do CDI;Come Cotas;Renda Fixa;5000.0;a0W3u00000AdKOiEAN;18.788.463;365097714.9;34.546.088;3.019.936.151;15.728.074;4.0;FIC de Fundo Multimercado
20% sobre o que exceder a 100% do CDI;Come Cotas;Renda Fixa;5000.0;a0W3u00000AdKOsEAN;-78.783.287;248100542.05;-81.916.603;3.245.323.362;-3.158.198;4.0;FIC de Fundo Multimercado
20% sobre o que exceder a 100% do IBOVESPA;15%;Renda Variável;5000.0;a0W3u00000AdKZREA3;141.608.332;192376733.7;378.781.259;11.463.150.651;233.861.258;5.0;FIC de Fundo de Ações
20% sobre o que exceder a 100% do IBOVESPA;15%;Renda Variável;5000.0;a0W3u00000AdKZqEAN;512.906.387;301199535.98;714.912.399;8.662.743.598;192.150.491;5.0;FIC de Fundo de Ações
20% sobre o que exceder a 100% do IGPM + 6%;15%;Renda Variável;5000.0;a0W3u00000AdKZvEAN;454.245.281;72318942.98;641.676.891;9.443.684.129;179.287.557;5.0;FIC de Fundo de Ações
20% sobre o que exceder a 100% do IBRX;15%;Renda Variável;5000.0;a0W3u00000AdKeHEAV;211.371.729;757338789.59;472.032.133;15.129.075.894;255.264.827;5.0;FIC de Fundo de Ações
20% sobre o que exceder a 100% do CDI;Come Cotas;Renda Fixa;5000.0;a0W3u00000AdKfUEAV;-542.387.741;385877995.68;-838.235.249;3.889.413.692;-312.814.165;4.0;Fundo Multimercado
20% sobre o que exceder a 100% do CDI;Come Cotas;Renda Fixa;5000.0;a0W3u00000AdKfeEAF;-166.397.852;47427189.22;-268.496.729;0.0;-103.826.527;4.0;Fundo Multimercado
20% sobre o que exceder a 100% do IBRX;15%;Renda Variável;5000.0;a0W3u00000AdKg3EAF;-143.706.761;401209338.16;-53.701.858;11.103.650.192;91.317.192;5.0;Fundo de Ações
20% sobre o que exceder a 100% do IBOVESPA;15%;Renda Variável;10000.0;a0W3u00000AdKoMEAV;107.159.908;88127291.41;289.517.991;10.268.697.294;180.424.654;5.0;Fundo de Ações
20% sobre o que exceder a 100% do IPCA + 6%;15%;Renda Variável;10000.0;a0W3u00000AdKoWEAV;281.469.786;199578893.67;422.021.458;830.256.666;136.703.871;5.0;FIC de Fundo de Ações
20% sobre o que exceder a 100% do IPCA + X%;15%;Renda Variável;20000.0;a0W3u00000AdKwBEAV;455.783.379;735453172.29;660.570.154;10.983.435.324;19.585.981;5.0;FIC de Fundo de Ações
Não;15%;Renda Variável;20000.0;a0W3u00000AdKwaEAF;518.149.204;348098473.99;700.626.936;11.675.184.696;173.488.443;5.0;Fundo de Ações
20% sobre o que exceder a 100% do IBRX;15%;Renda Variável;5000.0;a0W3u00000AdL7sEAF;-271.226.021;123108626.18;12.221.596;10.810.750.113;291.349.781;5.0;Fundo de Ações
20% sobre o que exceder a 100% do CDI;Come Cotas;Renda Fixa;500.0;a0W3u00000AdL87EAF;52.070.526;588557027.54;53.223.048;2.371.191.004;1.146.552;3.0;Fundo de Renda Fixa
15% sobre o que exceder a 100% do IBOVESPA;15%;Renda Variável;1000.0;a0W3u00000AdLF8EAN;1.030.488;264981393.16;210.403.979;19.837.775.423;209.351.918;5.0;Fundo de Ações
20% sobre o que exceder a 100% do IBOVESPA;15%;Renda Variável;5000.0;a0W3u00000AdLFDEA3;123.545.157;94824445.53;323.072.001;9.882.955.538;197.091.869;5.0;Fundo de Ações
20% sobre o que exceder a 100% do IBOVESPA;15%;Renda Variável;1000.0;a0W3u00000AdLQ6EAN;-21.001.226;148825503.19;-527.578;7.654.060.268;209.128.433;5.0;Fundo de Ações
Não;Come Cotas;Renda Fixa;5000.0;a0W3u00000AdLgkEAF;42.131.203;3165354944.09;45.498.474;25.960.971;3.353.144;3.0;Fundo de Renda Fixa
Não;Come Cotas;Renda Fixa;5000.0;a0W3u00000AdLnREAV;44.801.098;575586178.85;48.420.561;0.0;3.603.319;4.0;Fundo de Renda Fixa
15% sobre o que exceder a 100% do IBOVESPA;15%;Renda Variável;5000.0;a0W3u00000AdLnWEAV;154.907.971;84740578.84;384.529.527;12.114.193.668;226.118.796;5.0;Fundo de Ações
20% sobre o que exceder a 104% do CDI;Come Cotas;Renda Fixa;5000.0;a0W3u00000AdMSVEA3;52.201.411;1246974063.0;55.958.436;2.643.471.305;3.737.514;4.0;FIC de Fundo Multimercado
Não;Come Cotas;Renda Fixa;1000.0;a0W3u00000AdMTJEA3;54.453.519;27835445.64;63.558.201;237.960.065;9.055.373;3.0;FIC de Fundo Multimercado
20% sobre o que exceder a 100% do IMAB5;Come Cotas;Renda Fixa;5000.0;a0W3u00000AdMUCEA3;80.423.395;64948951.92;96.912.568;3.648.504.309;1.635.762;4.0;FIC de Fundo Multimercado
20% sobre o que exceder a 100% do IBRX;15%;Renda Variável;10000.0;a0W3u00000AdMUbEAN;517.561.027;1460269817.62;809.401.616;14.127.820.714;277.479.341;5.0;FIC de Fundo de Ações
Não;Come Cotas;Renda Fixa;500.0;a0W3u00000AdMZREA3;46.461.238;4225694911.92;49.963.182;2.336.742.674;3.485.748;3.0;FIC de Fundo de Renda Fixa
20% sobre o que exceder a 100% do CDI;Come Cotas;Renda Fixa;10000.0;a0W3u00000AdMatEAF;119.737.198;839891538.01;166.658.045;0.0;46.365.677;5.0;FIC de Fundo Multimercado
20% sobre o que exceder a 100% do CDI;Come Cotas;Renda Fixa;5000.0;a0W3u00000AdMbNEAV;74.442.615;104106709.12;99.118.727;0.0;24.493.773;4.0;FIC de Fundo Multimercado
20% sobre o que exceder a 100% do IBOVESPA;15%;Renda Variável;1000.0;a0W3u00000AdMqnEAF;134.458.246;177908483.39;292.305.407;16.567.965.897;155.752.935;5.0;FIC de Fundo de Ações
20% sobre o que exceder a 100% do CDI;Come Cotas;Renda Fixa;10000.0;a0W3u00000AdMzqEAF;-6.205.655;427055200.01;-11.853.126;0.0;50.516.915;4.0;FIC de Fundo Multimercado
20% sobre o que exceder a 100% do CDI;Come Cotas;Renda Fixa;50000.0;a0W3u00000AdNDnEAN;29.581.223;170319127.46;48.601.715;324.922.225;18.964.393;4.0;FIC de Fundo Multimercado
Não;Come Cotas;Renda Fixa;500.0;a0W3u00000AdNpmEAF;-46.103.856;12955869.31;63.986.009;0.0;110.599.773;5.0;FIC de Fundo Multimercado
20% sobre o que exceder a 100% do IBOVESPA;15%;Renda Variável;1000.0;a0W3u00000AdO5lEAF;266.809.246;8.676.734.441.042;4.123.895;8.355.844.871;141.796.979;5.0;FIC de Fundo de Ações
Não;Come Cotas;Renda Fixa;1000.0;a0W3u00000AdO6yEAF;-2.510.134;52418542.56;16.726.960.000.000.000;2.677.941.459;19.241.924;4.0;FIC de Fundo Multimercado
20% sobre o que exceder a 100% do IVBX2;15%;Renda Variável;1000.0;a0W3u00000AdO7DEAV;958.843.602;17.795.090.892.097;977.605.568;18.115.156.648;17.120.388;5.0;Fundo de Ações
Não;Come Cotas;Renda Fixa;500.0;a0W3u00000AdO7IEAV;18.250.878;27022608.62;92.745.384;6.885.810.167;74.358.794;4.0;FIC de Fundo Multimercado
Não;Come Cotas;Renda Fixa;500.0;a0W3u00000AdOBNEA3;31.936.446;38986842.59;71.210.367;5.268.533.744;39.148.894;3.0;FIC de Fundo Multimercado
Não;Come Cotas;Renda Fixa;100.0;a0W3u00000AdOHLEA3;40.697.418;41389869.89;44.499.209;258.779.195;3.786.382;4.0;FIC de Fundo de Renda Fixa
20% sobre o que exceder a 100% do IBOVESPA;15%;Renda Variável;500.0;a0W3u00000AdOQFEA3;-26.828.912.999.999.900;15578531.09;89.940.585;0.0;368.105.587;5.0;Fundo de Ações
15% sobre o que exceder a 100% do CDI;Come Cotas;Renda Fixa;500.0;a0W3u00000AdOQZEA3;-337.498.145;14904596.39;-182.261.644;0.0;160.658.703;3.0;Fundo Multimercado
20% sobre o que exceder a 100% do CDI;Come Cotas;Renda Fixa;20000.0;a0W3u00000AdQ0eEAF;-156.495.143;418083867.67;-102.726.555;0.0;54.623.418;4.0;FIC de Fundo Multimercado
20% sobre o que exceder a 100% do CDI;Come Cotas;Renda Fixa;10000.0;a0W3u00000AdQ9lEAF;45.419.722;135846084.72;49.622.486;2.758.050.682;4.183.761;5.0;FIC de Fundo Multimercado
20% sobre o que exceder a 100% do CDI;Come Cotas;Renda Fixa;1000.0;a0W3u00000AdQJ2EAN;42.175.887;152665387.99;46.624.123;2.455.397.777;4.429.553;5.0;Fundo de Renda Fixa
20% sobre o que exceder a 100% do IBOVESPA;15%;Renda Variável;10000.0;a0W3u00000AdQJMEA3;26.278.475;14327774.88;141.984.558;10.629.813.768;115.402.821;5.0;FIC de Fundo de Ações
Não;Come Cotas;Renda Fixa;20000.0;a0W3u00000AdQRBEA3;-5.608.895;10770312.82;3.270.856;1.953.290.233;8.884.734;4.0;FIC de Fundo Multimercado
20% sobre o que exceder a 100% do CDI;Come Cotas;Renda Fixa;50000.0;a0W3u00000AdQV8EAN;7.027.895;21384700.84;30.218.490.000.000.000;3.628.045.479;23.174.308;3.0;Fundo de Renda Fixa
20% sobre o que exceder a 100% do CDI;Come Cotas;Renda Fixa;1000.0;a0W3u00000AdQjjEAF;-66.912.311;105037317.44;1.663.515;0.0;84.110.263;4.0;Fundo Multimercado
20% sobre o que exceder a 100% do CDI;Come Cotas;Renda Fixa;1000.0;a0W3u00000AdRD5EAN;105.904.542;30943981.03;132.447.923;0.0;26.265.221;4.0;FIC de Fundo Multimercado
Não;Come Cotas;Renda Fixa;5000.0;a0W3u00000AdRDeEAN;65.164.168;295125193.18;69.733.749;0.0;4.539.997;4.0;FIC de Fundo de Renda Fixa
20% sobre o que exceder a 100% do CDI;Come Cotas;Renda Fixa;10000.0;a0W3u00000AdRWlEAN;61.422.028;41.395.881.663.041;37.935.164;2.739.694.226;-23.343.484;4.0;FIC de Fundo Multimercado
20% sobre o que exceder a 100% do IBOVESPA;15%;Renda Variável;5000.0;a0W3u00000AdRXFEA3;257.534.448;139911374.04;393.068.298;0.0;132.131.021;5.0;FIC de Fundo de Ações
20% sobre o que exceder a 100% do IBOVESPA;15%;Renda Variável;5000.0;a0W3u00000AdRXZEA3;452.730.676;7.023.125.896.027;593.223.168;0.0;134.407.455;5.0;FIC de Fundo de Ações
20% sobre o que exceder a 100% do CDI;Come Cotas;Renda Fixa;20000.0;a0W3u00000AdRhGEAV;-71.954.148;49274474.21;-53.045.816;0.0;19.045.371;4.0;FIC de Fundo Multimercado
20% sobre o que exceder a 100% do CDI;Come Cotas;Renda Fixa;5000.0;a0W3u00000AdRvnEAF;74.971.994;806809799.84;99.857.648;349.769.739;2.470.047;4.0;FIC de Fundo Multimercado
20% sobre o que exceder a 100% do CDI;Come Cotas;Renda Fixa;1000.0;a0W3u00000CWF90EAH;33.370.422;145.876.287.068.502;43.837.747;2.447.964.455;10.432.511;3.0;Fundo Multimercado
20% sobre o que exceder a 100% do CDI;Come Cotas;Renda Fixa;5000.0;a0W3u00000CWF9FEAX;26.584.824;14043550311.04;38.183.826;0.0;11.568.248;3.0;Fundo de Renda Fixa
20% sobre o que exceder a 100% do CDI;Come Cotas;Renda Fixa;10000.0;a0W3u00000CWFE5EAP;12.147.552;114957541.83;251.726;2.966.657.109;13.009.246;4.0;FIC de Fundo Multimercado
20% sobre o que exceder a 100% do IBOVESPA;15%;Renda Variável;10000.0;a0W3u00000CWFEZEA5;89.303.068;141830945.75;212.729.256;10.620.074.019;122.333.711;5.0;Fundo de Ações
20% sobre o que exceder a 100% do CDI;Come Cotas;Renda Fixa;10000.0;a0W3u00000CWFEyEAP;117.887.131;16169422.83;91.897.161;0.0;-25.687.152;4.0;Fundo Multimercado
20% do que excede 100% do IPCA + 6%aa;15%;Renda Variável;20000.0;a0W3u00000CWH7VEAX;206.624.722;151545565.93;325.780.325;0.0;116.743.396;5.0;FIC de Fundo de Ações
20% sobre o que exceder a 100% do CDI;Come Cotas;Renda Fixa;2000.0;a0W3u00000CWH7aEAH;-21.450.279;87225895.29;-58.391.714;0.0;-37.020.846;4.0;FIC de Fundo Multimercado
20% sobre o que exceder a 100% do IBOVESPA;15%;Renda Variável;1000.0;a0W3u00000CWHITEA5;42.088.944;67177092.21;354.202.357;12.411.185.066;310.805.266;5.0;Fundo de Ações
20% sobre o que exceder a 100% do CDI;Come Cotas;Renda Fixa;1000.0;a0W3u00000CWHIYEA5;85.082.421;26878142.0;136.774.535;3.531.427.894;51.256.016;3.0;Fundo Multimercado
20% sobre o que exceder a 100% do IBOVESPA;15%;Renda Variável;1000.0;a0W3u00000CWHQ8EAP;-174.246.102;164013180.39;-46.598.212;17.665.410.595;129.911.548;5.0;FIC de Fundo de Ações
20% sobre o que exceder a 100% do CDI;Come Cotas;Renda Fixa;1000.0;a0W3u00000CWIIbEAP;-131.940.554;110422646.52;-133.738.092;2.944.404.874;-1.821.572;3.0;FIC de Fundo Multimercado
Não;Come Cotas;Renda Fixa;5000.0;a0W3u00000CWJdfEAH;-44.796.273;19178577.14;-156.002.414;2.314.595.111;-111.706.544;5.0;Fundo Multimercado
20% sobre o que exceder a 100% do CDI;Come Cotas;Renda Fixa;20000.0;a0W3u00000CWKCQEA5;13.949.486;539554.27;40.320.818;3.397.755.403;26.334.597;4.0;FIC de Fundo Multimercado
20% sobre o que exceder a 100% do IDV;15%;Renda Variável;5000.0;a0W3u00000CWKIdEAP;-18.148.335.999.999.900;13888983.66;-58.034.984;0.0;125.730.169;5.0;FIC de Fundo de Ações
20% sobre o que exceder a 100% do IBOVESPA;15%;Renda Variável;5000.0;a0W3u00000CWKKUEA5;85.523.709;14297374.66;265.511.857;0.0;178.461.875;5.0;FIC de Fundo de Ações
20% sobre o que exceder a 100% do CDI;Come Cotas;Renda Fixa;1000.0;a0W3u00000CWKMLEA5;74.027.081;13947996.89;96.313.749;0.0;22.122.898;3.0;FIC de Fundo Multimercado
20% sobre o que exceder a 100% do IBOVESPA;15%;Renda Variável;5000.0;a0W3u00000CWKgLEAX;91.268.734;12477599.54;352.386.213;0.0;258.755.847;5.0;FIC de Fundo de Ações
20% sobre o que exceder a 100% do CDI;Come Cotas;Renda Fixa;5000.0;a0W3u00000CWKhTEAX;29.805.794;10942914.61;74.146.834;0.0;44.209.271;4.0;FIC de Fundo Multimercado
Não;Come Cotas;Renda Fixa;30.0;a0W3u00000CWKkhEAH;36.106.783;6607124.85;39.157.487;0.0;3.039.729;3.0;FIC de Fundo de Renda Fixa
20% sobre o que exceder a 100% do SMLL;15%;Renda Variável;5000.0;a0W3u00000CWKlzEAH;77.876.824;12646423.17;363.840.654;0.0;283.754.043;5.0;FIC de Fundo de Ações
20% sobre o que exceder a 100% do IBOVESPA;15%;Renda Variável;20000.0;a0W3u00000CWMTgEAP;-58.345.329;1216520632.84;39.266.569;8.912.418.963;9.818.476;5.0;FIC de Fundo de Ações
20% sobre o que exceder a 100% do CDI;Come Cotas;Renda Fixa;5000.0;a0W3u00000CWNtcEAH;34.149.364;259970432.88;3.336.872;2.648.690.935;-777.987;3.0;FIC de Fundo Multimercado
20% sobre o que exceder a 100% do IBRX-50;15%;Renda Variável;1000.0;a0W3u00000CWNtmEAH;-1.208.798;38306194.43;152.599.811;0.0;153.827.203;5.0;Fundo de Ações
20% sobre o que exceder a 100% do IPCA + 6%;Come Cotas;Renda Fixa;20000.0;a0W3u00000CWOGlEAP;301.814.812;651224923.85;496.825.015;7.534.782.634;18.929.694;5.0;FIC de Fundo Multimercado
Não;15%;Renda Variável;20000.0;a0W3u00000CWOINEA5;340.764.436;320486166.96;5.842.272.900.000.000;7.721.348.166;23.543.990.000.000.000;5.0;FIC de Fundo de Ações
10% sobre o que exceder a 100% do CDI;Come Cotas;Renda Fixa;10000.0;a0W3u00000CWOZnEAP;349.392.305;349163049.08;357.655.394;3.068.533.368;7.984.129;3.0;FIC de Fundo Multimercado
20% sobre o que exceder a 100% do IPCA;Come Cotas;Renda Fixa;10000.0;a0W3u00000CWOZsEAP;459.070.774;121725052.63;544.756.208;7.658.714.545;81.924.519;5.0;FIC de Fundo Multimercado
20% sobre o que exceder a 100% do CDI;Come Cotas;Renda Fixa;500.0;a0W3u00000CWOaHEAX;-25.335.865;49884117.44;40.726.329;213.035.793;66.229.993;4.0;FIC de Fundo Multimercado
20% sobre o que exceder a 100% do IBOVESPA;15%;Renda Variável;500.0;a0W3u00000CWOaMEAX;706.956;111434892.54;250.131.734;9.648.695.965;249.407.146;5.0;FIC de Fundo de Ações
20% sobre o que exceder a 100% do IMA-GERAL;Come Cotas;Renda Fixa;500.0;a0W3u00000CWOg9EAH;95.663.015;55071373.77;109.455.347;3.817.569.107;1.366.164;5.0;Fundo de Renda Fixa
Não;Come Cotas;Renda Fixa;500.0;a0W3u00000CWOgJEAX;39.333.674;189019914.88;42.506.988;254.524.004;3.160.881;3.0;FIC de Fundo de Renda Fixa
20% sobre o que exceder a 100% do CDI;Come Cotas;Renda Fixa;10000.0;a0W3u00000CWOgTEAX;-47.707.346;197412721.87;4.764.422;0.0;52.723.297;4.0;FIC de Fundo Multimercado
20% sobre o que exceder a 100% do IBRX-100;15%;Renda Variável;5000.0;a0W3u00000CWOmHEAX;72.091.468;275271528.45;279.847.431;0.0;206.268.941;5.0;FIC de Fundo de Ações
20% sobre o que exceder a 100% do IPCA + YIELD do IMA-B;Come Cotas;Renda Fixa;5000.0;a0W3u00000CWOmMEAX;18.612.475;1177788401.24;310.699.175;0.0;122.298.154;4.0;FIC de Fundo Multimercado
Não;15%;Renda Variável;30000.0;a0W3u00000CWPUGEA5;297.494.854;655821712.34;520.717.701;0.0;216.773.934;5.0;FIC de Fundo de Ações
20% sobre o que exceder a 100% do IPCA + 6%;15%;Renda Variável;5000.0;a0W3u00000CWPUVEA5;2.628.397;383929722.32;442.943.412;0.0;175.491.109;5.0;FIC de Fundo de Ações
15% sobre o que exceder a 100% do IBOVESPA;15%;Renda Variável;5000.0;a0W3u00000CWQ8aEAH;343.674.891;1465815594.57;555.366.859;19.726.585.256;204.658.373;5.0;Fundo de Ações
15% sobre o que exceder a 100% do CDI;Come Cotas;Renda Fixa;5000.0;a0W3u00000CWQ8kEAH;423.377.022;61289764.19;510.086.655;0.0;83.187.658;5.0;Fundo Multimercado
20% sobre o que exceder a 100% do CDI;Come Cotas;Renda Fixa;10000.0;a0W3u00000CWQE4EAP;-41.052.675;4.513.964.679.043;23.791.672;0.0;65.111.648;4.0;FIC de Fundo Multimercado
20% sobre o que exceder a 100% do IPCA + YIELD IMA-B;Come Cotas;Renda Fixa;10000.0;a0W3u00000CWQPnEAP;-10.753.801;29199788.61;-50.649.533;0.0;57.506.894;5.0;FIC de Fundo Multimercado
20% sobre o que exceder a 100% do CDI;Come Cotas;Renda Fixa;10000.0;a0W3u00000CWQPsEAP;32.880.815.056;317210377.98;32.902.914.921;0.0;5.153.789;5.0;FIC de Fundo Multimercado
20% sobre o que exceder 100% do índice IPCA + YIELD IMA-B;15%;Renda Variável;10000.0;a0W3u00000CWQQ2EAP;-1.836.681.132;111585179.39;-1.788.131.686;0.0;5.947.268;5.0;FIC de Fundo de Ações
20% sobre o que exceder 100% do índice IDIV;15%;Renda Variável;500.0;a0W3u00000CWQQMEA5;700.287.251;21221354.31;889.932.753;0.0;177.234.029;5.0;FIC de Fundo de Ações
20% sobre o que exceder a 100% do IBOVESPA;15%;Renda Variável;1000.0;a0W3u00000CWQcGEAX;777.611.849;173449559.88;-240.738.223;7.946.881.856;-240.738.223;5.0;FIC de Fundo de Ações
20% sobre o que exceder a 100% do IBOVESPA;15%;Renda Variável;1000.0;a0W6A000005fMbsUAE;-27.883.538;886488585.48;58.574.465;17.673.444.347;347.087.882;5.0;FIC de Fundo de Ações
Não;Come Cotas;Renda Fixa;30.0;a0W6A000008FwYQUA0;29.482.476;2391719.1;38.427.984;3.407.720.449;8.919.212;3.0;FIC de Fundo de Renda Fixa
Não;Come Cotas;Renda Fixa;1000.0;a0W6A000009GZVHUA4;672.689.556;0.0;590.234.825;4.381.325.326;-77.257.687;4.0;FIC de Fundo Cambial
Não;Come Cotas;Renda Fixa;30.0;a0W6A000009GZdgUAG;37.292.278;251861131.21;42.399.821;0.0;5.088.567;1.0;Fundo de Renda Fixa
20% sobre o que exceder a 100% do CDI;Come Cotas;Renda Fixa;100.0;a0W6A000009GbXIUA0;17.999.931;20396795.56;24.260.029;0.0;6.248.851;3.0;Fundo Multimercado
20% sobre o que exceder a 100% do CDI;Come Cotas;Renda Fixa;10000.0;a0W6A000009IJadUAG;-24.755.851;42482798.27;7.624.631;0.0;32.460.841;4.0;FIC de Fundo Multimercado
20% sobre o que exceder a 100% do CDI;Come Cotas;Renda Fixa;30.0;a0W6A000009IJjgUAG;36.634.856;18636675.81;42.627.543;0.0;5.970.813;3.0;FIC de Fundo de Renda Fixa
10% sobre o que exceder a 100% do CDI;Come Cotas;Renda Fixa;1000.0;a0W6A000009Ky7bUAC;117.637.545;6541966.54;112.947.192;0.0;-4.635.818;4.0;FIC de Fundo Multimercado
10% sobre o que exceder a 100% do CDI;Come Cotas;Renda Fixa;100.0;a0W6A000009KycOUAS;46.721.719;2846701.36;58.563.298;0.0;1.178.651;4.0;FIC de Fundo Multimercado
10% sobre o que exceder a 100% do CDI;Come Cotas;Renda Fixa;30.0;a0W6A000009L0FgUAK;-1.328.571;1799612.76;28.042.024;0.0;29.374.498;4.0;Fundo Multimercado
10% sobre o que exceder a 100% do CDI;Come Cotas;Renda Fixa;1000.0;a0W6A000009R6mvUAC;86.006.479;652820544.5;144.783.137;0.0;58.275.451;4.0;FIC de Fundo Multimercado
20% sobre o que exceder a 100% do CDI;Come Cotas;Renda Fixa;5000.0;a0W6A000009agwtUAA;59.634.587;0.0;86.805.228;3.074.847.556;27.009.571;3.0;Fundo Multimercado
20% sobre o que exceder a 100% do CDI;Come Cotas;Renda Fixa;1000.0;a0W6A000009ai38UAA;37.941.235;0.0;43.812.035;239.527.277;584.861;2.0;Fundo de Renda Fixa
Não;Come Cotas;Renda Fixa;3000.0;a0W6A000009lsp4UAA;37.811.605;3647834120.25;42.789.089;2.289.058.569;4.958.734;2.0;Fundo de Renda Fixa
20% sobre o que exceder a 100% do CDI;Come Cotas;Renda Fixa;1000.0;a0W6A000009luG5UAI;39.462.440.000.000.000;39158425.6;54.144.033;2.429.718.754;14.623.884;3.0;Fundo Multimercado
20% sobre o que exceder a 100% do CDI;Come Cotas;Renda Fixa;5000.0;a0W6A000009luOMUAY;25.018.421;111064106.84;26.044.187;2.138.394.114;1.023.206;3.0;Fundo Multimercado
Não;15%;Renda Variável;5000.0;a0W6A000009luUVUAY;82.567.928;95687719.46;275.868.958;7.598.640.653;191.718.053;5.0;FIC de Fundo de Ações
Não;15%;Renda Variável;5000.0;a0W6A000009n2phUAA;20.317.863.000.000.000;2032557390.86;428.437.644;11.701.536.414;220.773.371;5.0;FIC de Fundo de Ações
20% sobre o que exceder a 100% do CDI;Come Cotas;Renda Fixa;5000.0;a0W6A000009n349UAA;64.952.968;1437665230.19;105.215.478;377.500.277;40.002.681;4.0;Fundo Multimercado
Não;Come Cotas;Renda Fixa;1000.0;a0W6A000009n5KwUAI;60.419.293;140189006.48;66.993.121;0.0;6.534.348;4.0;FIC de Fundo de Renda Fixa
20% sobre o que exceder a 104% do CDI;Come Cotas;Renda Fixa;5000.0;a0W6A000009n5OtUAI;41.119.102;702039402.1;44.052.209;0.0;2.921.096;4.0;FIC de Fundo de Renda Fixa
Não;Come Cotas;Renda Fixa;1000.0;a0W6A000009y4V6UAI;3.464.158;478406182.03;39.999.924;2.354.368.339;5.339.847;3.0;FIC de Fundo de Renda Fixa
Não;Come Cotas;Renda Fixa;5000.0;a0W6A000009zAsiUAE;43.029.015;589228657.69;50.446.716;2.329.063.097;738.592;3.0;Fundo de Renda Fixa
Não;15%;Renda Variável;100.0;a0W6A000009zEPVUA2;-28.166.703;15743824.63;89.192.413;11.025.030.425;117.690.612;5.0;Fundo de Ações
20% sobre o que exceder a 100% do CDI;Come Cotas;Renda Fixa;1000.0;a0W6A00000A1UvkUAF;-560.237;181577960.75;44.708.672;0.0;45.271.445;5.0;Fundo Multimercado
Não;15%;Renda Variável;2500.0;a0W6A00000A1YLYUA3;20.610.206;31132979.86;520.354.681;14.390.844.873;307.906.603;5.0;Fundo de Ações
20% sobre o que exceder a 100% do CDI;Come Cotas;Renda Fixa;5000.0;a0W6A00000A1aGIUAZ;3.567.125;122321741.57;18.853.465;2.300.411.484;15.280.889;3.0;Fundo Multimercado
20% sobre o que exceder a 100% do CDI;Come Cotas;Renda Fixa;5000.0;a0W6A00000A3isbUAB;34.207.806;886542873.25;28.657.502;2.520.707.206;-5.531.382;3.0;Fundo de Renda Fixa
20% sobre o que exceder a 108% do CDI;Come Cotas;Renda Fixa;5000.0;a0W6A00000A3mRRUAZ;48.197.752;325410644.74;46.699.057;2.433.480.245;-1.491.507;4.0;Fundo de Renda Fixa
20% sobre o que exceder a 100% do IMAB-5;Come Cotas;Renda Fixa;5000.0;a0W6A00000A3mveUAB;43.474.356;142319911.62;63.513.256;4.016.005.972;19.952.160.000.000.000;3.0;Fundo de Renda Fixa
20% sobre o que exceder a 100% do IBOVESPA;15%;Renda Variável;1000.0;a0W6A00000A4sdBUAR;171.824.162;637377084.74;387.163.908;13.532.493.337;211.702.191;5.0;Fundo de Ações
20% sobre o que exceder a 100% do CDI;Come Cotas;Renda Fixa;5000.0;a0W6A00000A4zhSUAR;18.662.271;1847606624.72;68.841.827;3.601.762.049;50.086.084;5.0;FIC de Fundo Multimercado
20% sobre o que exceder a 100% do CDI;Come Cotas;Renda Fixa;5000.0;a0W6A00000AAHO5UAP;20.146.562;278489625.3;42.931.066;2.774.231.754;22.738.694;4.0;FIC de Fundo Multimercado
20% sobre o que exceder a 100% do IBOVESPA;15%;Renda Variável;5000.0;a0W6A00000AAMe0UAH;93.639.081;458157363.84;318.017.629;10.265.666.113;22.229.697.999.999.900;5.0;FIC de Fundo de Ações
20% sobre o que exceder a 100% do IPCA + 6%;Come Cotas;Renda Fixa;5000.0;a0W6A00000AANjjUAH;151.637.855;243014868.18;346.185.938;7.911.136.438;191.642.064;5.0;FIC de Fundo Multimercado
20% sobre o que exceder a 100% do IBRX-100;15%;Renda Variável;1000.0;a0W6A00000AAQQtUAP;27.141.827;726841807.42;241.315.741;-1.447.079.806;21.359.418;5.0;FIC de Fundo de Ações
15% sobre o que exceder a 100% do IPCA + 6%;15%;Renda Variável;1000.0;a0W6A00000AAQilUAH;62.507.006;600474726.36;262.845.325;13.129.830.619;199.093.843;5.0;FIC de Fundo de Ações
20% sobre o que exceder a 100% do IPCA + YIELD do IMA-B;Come Cotas;Renda Fixa;5000.0;a0W6A00000ABccwUAD;331.896.173;185872878.07;525.256.547;0.0;187.148.972;5.0;Fundo Multimercado
20% sobre o que exceder a 100% do CDI;Come Cotas;Renda Fixa;5000.0;a0W6A00000ABdmuUAD;-148.201.316;186468916.84;-91.264.678;443.605.745;5.779.314;5.0;Fundo Multimercado
Não;Come Cotas;Renda Fixa;5000.0;a0W6A00000AF4cZUAT;4.067.465;594688114.83;46.189.406;2.474.528.245;5.492.415;3.0;FIC de Fundo de Renda Fixa
15% sobre o que exceder a 100% do CDI;Come Cotas;Renda Fixa;5000.0;a0W6A00000AF4lSUAT;57.609.657;296455366.56;63.834.641;2.683.737.923;6.189.328;4.0;FIC de Fundo de Renda Fixa
20% sobre o que exceder a 100% do CDI;Come Cotas;Renda Fixa;1000.0;a0W6A00000AF661UAD;42.672.509;866225237.73;47.037.583;0.0;4.346.527;4.0;Fundo de Renda Fixa
Não;Come Cotas;Renda Fixa;1000.0;a0W6A00000AGBucUAH;43.419.678;2538467260.42;47.427.497;0.0;3.990.493;3.0;Fundo de Renda Fixa
Não;Come Cotas;Renda Fixa;1000.0;a0W6A00000AGCMzUAP;52.327.345;360587873.82;54.002.244;0.0;166.618;4.0;Fundo de Renda Fixa
20% sobre o que exceder a 100% do CDI;Come Cotas;Renda Fixa;20000.0;a0W6A00000AGGmZUAX;-69.794.605;99320804.04;-74.888.942;2.563.881.872;-5.130.142;4.0;FIC de Fundo Multimercado
20% sobre o que exceder a 100% do IBOVESPA;15%;Renda Variável;5000.0;a0W6A00000AGH88UAH;-222.928.075;16117615.19;-57.615.535;7.849.374.886;16.908.185.000.000.000;5.0;Fundo de Ações
Não;15%;Renda Variável;500.0;a0W6A00000AGHKQUA5;-25.253.963;788207526.29;178.272.658;10.205.898.389;204.041.908;5.0;Fundo de Ações
20% sobre o que exceder a 100% do CDI;Come Cotas;Renda Fixa;20000.0;a0W6A00000AGHUKUA5;116.291.378;40071120.01;118.794.648;2.244.055.579;2.474.494;4.0;FIC de Fundo Multimercado
20% sobre o que exceder a 100% do IBOVESPA;15%;Renda Variável;1000.0;a0W6A00000AGHfEUAX;-156.208.575;105685787.12;-11.185.232;8.730.931.666;147.324.681;5.0;FIC de Fundo de Ações
20% sobre o que exceder a 100% do CDI;Come Cotas;Renda Fixa;5000.0;a0W6A00000AGHzdUAH;-19.987.517;53870669.18;17.600.399;2.363.393.424;37.663.195;4.0;Fundo Multimercado
20% sobre o que exceder a 100% do CDI;Come Cotas;Renda Fixa;1000.0;a0W6A00000AGIIwUAP;-86.144.277;16594092.2;-80.837.964;2.322.450.267;5.352.421;3.0;Fundo Multimercado
20% sobre o que exceder a 100% do IMA-B;Come Cotas;Renda Fixa;1000.0;a0W6A00000AHOpNUAX;81.536.968;203450999.11;96.730.197;0.0;15.070.350.000.000.000;4.0;Fundo Multimercado
Não;Come Cotas;Renda Fixa;1000.0;a0W6A00000AHOqGUAX;41.688.477;2305862121.14;45.320.947;0.0;361.739;3.0;Fundo de Renda Fixa
Não;Come Cotas;Renda Fixa;5000.0;a0W6A00000AJsWFUA1;46.618.597;1592015712.86;50.982.442;0.0;4.343.595;3.0;Fundo de Renda Fixa
Não;Come Cotas;Renda Fixa;5000.0;a0W6A00000AJt2OUAT;51.155.523;850868022.93;55.675.344;0.0;4.496.818;4.0;Fundo de Renda Fixa
20% sobre o que exceder a 100% do IBOVESPA;15%;Renda Variável;500.0;a0W6A00000AJzUBUA1;294.704.609;34751816.05;562.551.038;11.524.946.762;260.178.839;5.0;FIC de Fundo de Ações
20% sobre o que exceder a 100% do CDI;Come Cotas;Renda Fixa;500.0;a0W6A00000AJztjUAD;71.908.019;456659908.12;85.908.896;3.029.046.958;13.900.918;4.0;FIC de Fundo Multimercado
Não;15%;Renda Variável;5000.0;a0W6A00000AK0bWUAT;296.291.897;378748407.86;536.553.546;10.465.250.255;233.347.745;5.0;FIC de Fundo de Ações
20% sobre o que exceder a 100% do CDI;Come Cotas;Renda Fixa;10000.0;a0W6A00000AK1QGUA1;-205.731.616;1637048216.41;-54.236.243;4.705.469.455;15.467.758;5.0;FIC de Fundo Multimercado
20% sobre o que exceder a 100% do CDI;Come Cotas;Renda Fixa;5000.0;a0W6A00000ARIOcUAP;48.577.639;34753608.32;5.247.201;2.811.283.946;3.875.545;4.0;FIC de Fundo Multimercado
20% sobre o que exceder a 100% do CDI;Come Cotas;Renda Fixa;10000.0;a0W6A00000ARK9YUAX;-873.086;118052609.05;152.086.954;3.873.519.988;152.973.395;5.0;FIC de Fundo Multimercado
20% sobre o que exceder a 100% do IBOVESPA;15%;Renda Variável;5000.0;a0W6A00000ASOMfUAP;394.144.272;689536449.63;608.059.115;13.369.102.339;205.803.227;5.0;FIC de Fundo de Ações
20% sobre o que exceder a 100% do CDI;Come Cotas;Renda Fixa;10000.0;a0W6A00000ASOgVUAX;35.188.797;139154026.81;64.910.866;2.761.957.572;29.617.847;3.0;FIC de Fundo Multimercado
20% sobre o que exceder a 100% do IBRX-100;15%;Renda Variável;10000.0;a0W6A00000ASOvQUAX;194.718.697;225880362.24;379.376.315;10.365.384.016;181.130.665;5.0;Fundo de Ações
20% sobre o que exceder a 100% do CDI;Come Cotas;Renda Fixa;5000.0;a0W6A00000ASP9NUAX;79.235.372;158074599.6;123.567.635;0.0;43.983.757;5.0;FIC de Fundo Multimercado
20% sobre o que exceder a 100% do CDI;Come Cotas;Renda Fixa;1000.0;a0W6A00000ATTp5UAH;29.545.443;731282090.43;45.194.048;2.417.365.918;15.602.508;3.0;Fundo Multimercado
Não;15%;Renda Variável;5000.0;a0W6A00000AYsxUUAT;95.322.572;638862889.94;199.007.152;9.719.051.709;102.705.564;5.0;FIC de Fundo de Ações
Não;Come Cotas;Renda Fixa;5000.0;a0W6A00000AYtYZUA1;169.362.527;334243911.77;248.856.439;5.083.834.391;78.170.005;5.0;Fundo Multimercado
20% sobre o que exceder a 100% do IPCA + 6%;Come Cotas;Renda Fixa;5000.0;a0W6A00000AYtxaUAD;217.076.139;34594205.53;332.904.854;6.807.444.112;113.367.771;5.0;Fundo Multimercado
20% sobre o que exceder a 100% do CDI;Come Cotas;Renda Fixa;5000.0;a0W6A00000AYyGSUA1;75.251.696;1654594910.88;107.437.231;3.213.552.232;31.945.143;4.0;FIC de Fundo Multimercado
Não;Come Cotas;Renda Fixa;1000.0;a0W6A00000AZ0GHUA1;671.826.142;24008689.87;590.065.601;4.277.701.979;-7.661.345;4.0;Fundo Cambial
20% sobre o que exceder a 100% do CDI;Come Cotas;Renda Fixa;10000.0;a0W6A00000AZ1V0UAL;294.030.506;89782715.25;331.820.693;0.0;36.710.779;4.0;FIC de Fundo Multimercado
20% sobre o que exceder a 100% do IBOVESPA;15%;Renda Variável;5000.0;a0W6A00000Aa3O2UAJ;165.877.563;61741304.59;395.733.238;10.009.057.851;226.105.099;5.0;FIC de Fundo de Ações
20% sobre o que exceder a 100% do CDI;Come Cotas;Renda Fixa;5000.0;a0W6A00000Aa4IiUAJ;215.801.643;42522786.87;391.470.988;9.283.953.228;171.958.454;5.0;FIC de Fundo Multimercado
20% sobre o que exceder a 100% do IPCA + YIELD do IMA-B5;15%;Renda Variável;50000.0;a0W6A00000Aa9KwUAJ;435.415.664;276890267.81;621.672.202;12.325.971.778;178.485.021;5.0;FIC de Fundo de Ações
20% sobre o que exceder a 100% do CDI;Come Cotas;Renda Fixa;10000.0;a0W6A00000AcB3UUAV;7.369.192;994723266.52;36.132.011;3.718.310.894;28.741.639;4.0;FIC de Fundo Multimercado
Não;15%;Renda Variável;10000.0;a0W6A00000AcB8eUAF;309.428.777;332768756.17;56.652.665;10.503.925.657;249.381.298;5.0;FIC de Fundo de Ações
20% sobre o que exceder a 100% do IPCA + 6%;Come Cotas;Renda Fixa;10000.0;a0W6A00000AcuL0UAJ;240.205.662;454157741.06;34.029.447;8.224.439.872;97.741.013;5.0;FIC de Fundo Multimercado
20% sobre o que exceder a 100% do IBOVESPA;15%;Renda Variável;1000.0;a0W6A00000AcuYxUAJ;453.170.205;362556993.62;684.132.934;0.0;220.949.936;5.0;FIC de Fundo de Ações
20% sobre o que exceder a 100% do CDI;Come Cotas;Renda Fixa;5000.0;a0W6A00000AcujrUAB;164.532.678;285760109.82;197.413.391;2.848.597.663;32.348.475;5.0;FIC de Fundo Multimercado
Não;Come Cotas;Renda Fixa;3000.0;a0W6A00000Au1DBUAZ;36.740.826;166268298.05;41.779.620.000.000.000;2.245.731.202;5.020.349;2.0;Fundo de Renda Fixa
Não;Come Cotas;Renda Fixa;3000.0;a0W6A00000Au2GSUAZ;38.401.621;607580555.55;44.483.624;2.293.522.369;6.058.736;3.0;Fundo de Renda Fixa
20% sobre o que exceder a 100% do CDI;Come Cotas;Renda Fixa;3000.0;a0W6A00000Au4EOUAZ;42.739.295;460607131.81;46.652.255;2.474.727.327;3.896.307;4.0;FIC de Fundo de Renda Fixa
20% sobre o que exceder a 100% do IPCA + 5%;Come Cotas;Renda Fixa;100.0;a0W6A00000Au4QWUAZ;81.559.541;179455838.13;93.308.714;2.443.552.772;11.654.122;4.0;FIC de Fundo Multimercado
20% sobre o que exceder a 100% do CDI;Come Cotas;Renda Fixa;100.0;a0W6A00000Au4UiUAJ;55.859.262;35764890.85;58.752.094;0.0;2.876.762;4.0;FIC de Fundo Multimercado
20% sobre o que exceder a 100% do CDI;Come Cotas;Renda Fixa;20000.0;a0W6A00000Awa5YUAR;38.342.582;5111461.15;54.220.002;0.0;15.816.775;4.0;FIC de Fundo Multimercado
20% sobre o que exceder a 100% do IBX;15%;Renda Variável;1000.0;a0W6A00000AwaR2UAJ;211.837.451;97373447.73;376.360.876;5.629.294.652;161.110.501;5.0;FIC de Fundo de Ações
20% sobre o que exceder a 100% do CDI;Come Cotas;Renda Fixa;10000.0;a0W6A00000B1R9qUAF;-20.596.353;396101238.27;-32.520.604;2.862.925.162;-11.948.861;3.0;Fundo Multimercado
20% sobre o que exceder a 100% do IBRX 100;15%;Renda Variável;5000.0;a0W6A00000BDZuYUAX;-142.995.394;727050271.86;17.000.716;0.0;162.317.171;5.0;FIC de Fundo de Ações
20% sobre o que exceder a 100% do IPCA + YIELD do IMA-B;15%;Renda Variável;5000.0;a0W6A00000BDaCYUA1;58.327.809;230781289.81;105.366.497;0.0;46.765.913;5.0;FIC de Fundo de Ações
20% sobre o que exceder a 100% do IPCA + 6%;15%;Renda Variável;5000.0;a0W6A00000BDcCFUA1;-275.563.465;3598759613.23;77.451.047;16.623.204.548;36.301.796.000.000.000;5.0;FIC de Fundo de Ações
20% sobre o que exceder a 100% do IBOVESPA;15%;Renda Variável;1000.0;a0W6A00000BIy6eUAD;159.309.426;2334701336.09;412.012.252;0.0;248.740.161;5.0;Fundo de Ações
