,DescricaoTaxaPerformance__c,DescricaoTributacao__c,FamiliaCarteira__c,FiltroValorMinimo__c,ProdutoId,LucroMesAnterior__c,PatrimonioLiquidoAtual__c,RentabilidadeAno__c,RentabilidadeFundoUltimos36Meses__c,RentabilidadeMes__c,RiscoAtivo__c,TipoCarteira__c,label
0,20% sobre o que exceder a 100% do IBOVESPA,15%,Renda Variável,50000.0,a0W3u000009PBevEAG,224328256.0,6331334673.0,400130035.0,0.0,171944576.0,5.0,FIC de Fundo de Ações,0
1,20% sobre o que exceder a 100% do IBOVESPA,15%,Renda Variável,50000.0,a0W3u000009PBfAEAW,-4.45789599999999e+16,480584075292.0,133401602.0,15760819943.0,178777534.0,5.0,FIC de Fundo de Ações,0
2,20% sobre o que exceder a 100% do SMLL,15%,Renda Variável,5000.0,a0W3u000009PBlwEAG,736182167.0,17446965529.0,1132308654.0,0.0,368964014.0,5.0,FIC de Fundo de Ações,0
3,20% sobre o que exceder a 100% do IBOVESPA,15%,Renda Variável,5000.0,a0W3u000009PBm6EAG,488324167.0,7407574007.0,817807263.0,34851941397.0,314142747.0,5.0,Fundo de Ações,0
4,20% sobre o que exceder a 100% do CDI,15%,Renda Variável,50000.0,a0W3u000009PCgiEAG,387455804.0,67604929093.0,69456953.0,12591130701.0,295658275.0,5.0,FIC de Fundo de Ações,0
5,Não,15%,Renda Variável,50000.0,a0W3u000009PCjNEAW,629846485.0,25272072928.0,971380845.0,13717616449.0,321297548.0,5.0,FIC de Fundo de Ações,0
6,20% sobre o que exceder a 100% do IBOVESPA,15%,Renda Variável,100000.0,a0W3u000009PCs3EAG,-75370999.0,55046871256.0,128527737.0,12858602676.0,205447212.0,5.0,FIC de Fundo de Ações,0
7,20% sobre o que exceder a 100% do IBRX,15%,Renda Variável,100000.0,a0W3u000009PCs8EAG,143224867.0,11910133483.0,396517611.0,0.0,249716187.0,5.0,Fundo de Ações,0
8,20% sobre o que exceder a 100% do CDI,Come Cotas,Renda Fixa,250000.0,a0W3u000009PDsgEAG,-156812322.0,240604602.0,-65609068.0,0.0,92656218.0,4.0,FIC de Fundo Multimercado,2
9,Não,Come Cotas,Renda Fixa,50000.0,a0W3u000009PDzcEAG,31427825.0,2064051227.0,70402727.0,0.0,38852796.0,4.0,FIC de Fundo Multimercado,1
10,20% sobre o que exceder a 100% do IBOVESPA,15%,Renda Variável,50000.0,a0W3u000009PE0GEAW,1222707.0,4867298758.0,168076057.0,8882442514.0,166832951.0,5.0,FIC de Fundo de Ações,0
11,Não,Come Cotas,Renda Fixa,10000.0,a0W3u000009PE4XEAW,235973859.0,6425640007.0,64557059.0,3279837187.0,64557059.0,4.0,FIC de Fundo Multimercado,1
12,20% sobre o que exceder a 100% do CDI,Come Cotas,Renda Fixa,100000.0,a0W3u000009PE5LEAW,-91934606.0,17823313228632.0,-6942398.0,258216069.0,85780831.0,4.0,FIC de Fundo Multimercado,1
13,20% sobre o que exceder a 100% do CDI,Come Cotas,Renda Fixa,30000.0,a0W3u000009PE5fEAG,52621277.0,181473856053597.0,55320016.0,2530796619.0,2684612.0,3.0,FIC de Fundo de Renda Fixa,1
14,20% sobre o que exceder a 100% do IMA-B5,Come Cotas,Renda Fixa,50000.0,a0W3u000009PE6YEAW,48299084.0,6418558314.0,58633625.0,385331063.0,10284866.0,3.0,FIC de Fundo de Renda Fixa,1
15,20% sobre o que exceder a 100% do IBOVESPA,15%,Renda Variável,10000.0,a0W3u000009PE8yEAG,8059038.0,7886436609.0,194721516.0,7750520875.0,186512167.0,5.0,FIC de Fundo de Ações,0
16,Não,Come Cotas,Renda Fixa,10000.0,a0W3u000009PE9DEAW,37665165.0,189960128895.0,42702958.0,2296856288.0,5018889.0,3.0,Fundo de Renda Fixa,1
17,20% sobre o que exceder a 100% do IMAB,Come Cotas,Renda Fixa,50000.0,a0W3u000009PE9IEAW,19601204.0,13368479814.0,56040298.0,5263201052.0,36367809.0,3.0,FIC de Fundo de Renda Fixa,1
18,20% sobre o que exceder a 100% do IBOVESPA,15%,Renda Variável,50000.0,a0W3u00000AdCOcEAN,-204142285.0,17051648785.0,71180676.0,12432924167.0,281060597.0,5.0,Fundo de Ações,0
19,20% sobre o que exceder a 100% do CDI,15%,Renda Variável,100000.0,a0W3u00000AdCRlEAN,-3795336.0,5369869719.0,246415068.0,13829935703.0,250305403.0,5.0,FIC de Fundo de Ações,0
20,Não,Come Cotas,Renda Fixa,5000.0,a0W3u00000AdCmFEAV,41277357.0,120308177322.0,45247922.0,2480181301.0,3954243.0,3.0,Fundo de Renda Fixa,1
21,20% sobre o que exceder a 100% do IBOVESPA,15%,Renda Variável,50000.0,a0W3u00000AdCnhEAF,212167126.0,32798796244.0,32888664.0,919619676.0,11429456.0,5.0,FIC de Fundo de Ações,0
22,20% sobre o que exceder a 100% do CDI,Come Cotas,Renda Fixa,50000.0,a0W3u00000AdCuTEAV,12358777.0,20883754928.0,35211006.0,4066262613.0,22824021.0,4.0,FIC de Fundo Multimercado,1
23,20% sobre o que exceder a 100% do CDI,Come Cotas,Renda Fixa,200000.0,a0W3u00000AdDrkEAF,-15325134.0,121196942131034.0,-14520401.0,2645314501.0,805968.0,4.0,FIC de Fundo Multimercado,2
24,20% sobre o que exceder a 100% do CDI,Come Cotas,Renda Fixa,200000.0,a0W3u00000AdDrzEAF,157052882.0,3.78019511201799e+16,268791889.0,0.0,110011249.0,5.0,FIC de Fundo Multimercado,2
25,Não,Come Cotas,Renda Fixa,10000.0,a0W3u00000AdDsOEAV,36162584.0,99249556102.0,34250404.0,2359749352.0,-190529.0,3.0,Fundo de Renda Fixa,1
26,20% sobre o que exceder a 100% do IBOVESPA,15%,Renda Variável,10000.0,a0W3u00000AdDtWEAV,77417819.0,6819272828.0,193662524.0,9270198333.0,115351678.0,5.0,FIC de Fundo de Ações,0
27,20% sobre o que exceder a 105% do CDI,Come Cotas,Renda Fixa,10000.0,a0W3u00000AdDutEAF,43954642.0,7595866893.0,4.64086799999999e+16,0.0,2443298.0,4.0,FIC de Fundo Multimercado,3
28,20% sobre o que exceder a 100% do CDI,Come Cotas,Renda Fixa,100000.0,a0W3u00000AdEEoEAN,97350344.0,17314084782.0,176682077.0,322621968.0,78566881.0,4.0,FIC de Fundo Multimercado,1
29,Não,Come Cotas,Renda Fixa,10000.0,a0W3u00000AdEFNEA3,33902555.0,88861672845.0,34982188.0,2232569167.0,1075986.0,2.0,Fundo de Renda Fixa,1
30,Não,Come Cotas,Renda Fixa,10000.0,a0W3u00000AdEFmEAN,36073706.0,41002266986.0,33820327.0,0.0,-2245279.0,4.0,Fundo de Renda Fixa,1
31,Não,Come Cotas,Renda Fixa,10000.0,a0W3u00000AdEGBEA3,42041219.0,232866271722.0,42259599.0,2494551578.0,217466.0,3.0,Fundo de Renda Fixa,1
32,20% sobre o que exceder a 100% do IMAB,Come Cotas,Renda Fixa,50000.0,a0W3u00000AdEYCEA3,-210225771.0,99043223377.0,-1.48680489999999e+16,9415605442.0,62866905.0,5.0,FIC de Fundo Multimercado,0
33,Não,Come Cotas,Renda Fixa,1000.0,a0W3u00000AdFaXEAV,4546831.0,10858497082.0,48348429.0,0.0,2867083.0,4.0,FIC de Fundo Multimercado,1
34,Não,Come Cotas,Renda Fixa,10000.0,a0W3u00000AdFb1EAF,44135845.0,15545658114.0,46826919.0,2326054371.0,2679249.0,4.0,FIC de Fundo Multimercado,1
35,20% sobre o que exceder a 100% do CDI,Come Cotas,Renda Fixa,50000.0,a0W3u00000AdFiHEAV,-230028801.0,25549213250908.0,-157132675.0,2615467138.0,74612426.0,4.0,FIC de Fundo Multimercado,1
36,20% sobre o que exceder a 100% do CDI,Come Cotas,Renda Fixa,10000.0,a0W3u00000AdFiREAV,-406629.0,47797761601.0,18441288.0,2388155912.0,18848683.0,3.0,FIC de Fundo Multimercado,1
37,20% sobre o que exceder a 100% do IBOVESPA,15%,Renda Variável,50000.0,a0W3u00000AdFwxEAF,68441006.0,6404199623059.0,3.0815622e+16,71402509.0,238085732.0,5.0,FIC de Fundo de Ações,3
38,20% sobre o que exceder a 100% do IBOVESPA,15%,Renda Variável,100000.0,a0W3u00000AdFxlEAF,178541155.0,17952956685.0,432504944.0,1225728064.0,249509026.0,5.0,Fundo de Ações,0
39,20% sobre o que exceder a 100% do CDI,Come Cotas,Renda Fixa,10000.0,a0W3u00000AdGFTEA3,93394023.0,22802074556.0,109718568.0,279326729.0,16173494.0,3.0,FIC de Fundo Multimercado,1
40,20% sobre o que exceder a 100% do CDI,Come Cotas,Renda Fixa,100000.0,a0W3u00000AdGFdEAN,46466868.0,19079474912.0,55202555.0,2734905951.0,8695283.0,2.0,FIC de Fundo de Renda Fixa,1
41,Não,Come Cotas,Renda Fixa,50000.0,a0W3u00000AdGGREA3,41322378.0,41030370219.0,41280307.0,2382085079.0,-41898.0,4.0,Fundo de Renda Fixa,1
42,20% sobre o que exceder a 100% do IBOVESPA,15%,Renda Variável,10000.0,a0W3u00000AdGGqEAN,90011608.0,10679498852.0,282804536.0,9775060498.0,191073048.0,5.0,FIC de Fundo de Ações,0
43,Não,Come Cotas,Renda Fixa,50000.0,a0W3u00000AdGTbEAN,52222803.0,18233551788.0,62373027.0,3624016731.0,10097492.0,4.0,FIC de Fundo de Renda Fixa,1
44,20% sobre o que exceder a 100% do CDI,Come Cotas,Renda Fixa,5000.0,a0W3u00000AdGbzEAF,50208478.0,28283913063.0,55153547.0,246217581.0,4920365.0,2.0,Fundo de Renda Fixa,1
45,20% sobre o que exceder a 100% do CDI,Come Cotas,Renda Fixa,50000.0,a0W3u00000AdGc4EAF,-5959455.0,9154374395.0,16018463.0,2691527322.0,21991024.0,3.0,Fundo Multimercado,1
46,20% sobre o que exceder a 100% do IBRX 100,15%,Renda Variável,200000.0,a0W3u00000AdGc9EAF,-154717368.0,21343837936.0,15152387.0,8289534028.0,172539237.0,5.0,Fundo de Ações,2
47,20% sobre o que exceder a 100% do IRFM + 1,Come Cotas,Renda Fixa,50000.0,a0W3u00000AdGcxEAF,125760148.0,37997848975.0,168296021.0,530700181.0,42007585.0,4.0,Fundo de Renda Fixa,1
48,Não,Come Cotas,Renda Fixa,50000.0,a0W3u00000AdGdCEAV,-2601701.0,66474822496.0,50665849.0,6067247921.0,53281413.0,5.0,FIC de Fundo de Renda Fixa,0
49,20% sobre o que exceder a 100% do IMAB-5,Come Cotas,Renda Fixa,5000.0,a0W3u00000AdGdREAV,94918651.0,53387371651.0,107003106.0,4066620578.0,1197083.0,5.0,Fundo de Renda Fixa,0
50,20% sobre o que exceder a 100% do IPCA + YIELD do IMA-B5,15%,Renda Variável,200000.0,a0W3u00000AdGe0EAF,563031375.0,32508234231005.0,714071742.0,0.0,142989604.0,5.0,FIC de Fundo de Ações,2
51,20% sobre o que exceder a 100% do CDI,Come Cotas,Renda Fixa,200000.0,a0W3u00000AdGgBEAV,-133214624.0,108414836174.0,-98123235.0,0.0,3556517.0,4.0,FIC de Fundo Multimercado,2
52,Não,15%,Renda Variável,200000.0,a0W3u00000AdGgQEAV,501527319.0,35022370101.0,756650669.0,0.0,242939281.0,5.0,FIC de Fundo de Ações,2
53,20% sobre o que exceder a 100% do CDI,Come Cotas,Renda Fixa,50000.0,a0W3u00000AdGoWEAV,43405702.0,221411946823.0,46518546.0,2482830471.0,309939.0,4.0,FIC de Fundo de Renda Fixa,1
54,Não,Come Cotas,Renda Fixa,10000.0,a0W3u00000AdGobEAF,33023424.0,6089581463.0,37466195.0,2176327187.0,4428148.0,3.0,FIC de Fundo de Renda Fixa,1
55,20% sobre o que exceder a 100% do CDI,Come Cotas,Renda Fixa,50000.0,a0W3u00000AdGogEAF,50522677.0,3519319404.0,5426141999999990.0,0.0,3719948.0,4.0,FIC de Fundo de Renda Fixa,1
56,20% sobre o que exceder a 100% do CDI,Come Cotas,Renda Fixa,50000.0,a0W3u00000AdGp5EAF,64258343.0,3519645391.0,68700671.0,0.0,4413965.0,4.0,FIC de Fundo de Renda Fixa,1
57,20% sobre o que exceder a 100% do IPCA + YIELD do IMA-B5,Come Cotas,Renda Fixa,50000.0,a0W3u00000AdGuAEAV,-498427728.0,9701599592.0,-252671545.0,0.0,258647912.0,5.0,FIC de Fundo Multimercado,0
58,20% sobre o que exceder a 100% do IPCA + YIELD do IMA-B,Come Cotas,Renda Fixa,50000.0,a0W3u00000AdGvIEAV,-24061239.0,2933239018.0,-195563769.0,0.0,4.61592699999999e+16,5.0,FIC de Fundo Multimercado,0
59,15% sobre o que exceder a 100% do CDI,Come Cotas,Renda Fixa,50000.0,a0W3u00000AdGwLEAV,337390134.0,99195369293.0,465333596.0,-1040077939.0,123767663.0,4.0,FIC de Fundo Multimercado,1
60,20% sobre o que exceder a 100% do CDI,Come Cotas,Renda Fixa,50000.0,a0W3u00000AdGwVEAV,-159579646.0,76339022204.0,-105702173.0,3433072977.0,5475119.0,4.0,FIC de Fundo Multimercado,1
61,20% sobre o que exceder a 100% do CDI,Come Cotas,Renda Fixa,50000.0,a0W3u00000AdGwkEAF,-101533415.0,28219606716.0,-64547055.0,2862469769.0,37365747.0,4.0,FIC de Fundo Multimercado,1
62,Não,15%,Renda Variável,50000.0,a0W3u00000AdGx9EAF,-112676362.0,1894237880.0,67543388.0,8471418398.0,182273542.0,5.0,FIC de Fundo de Ações,0
63,15% sobre o que exceder a 100% do IMA-G,15%,Renda Variável,50000.0,a0W3u00000AdGxEEAV,63540425.0,20984927714.0,232946628.0,9793654554.0,168336585.0,5.0,FIC de Fundo de Ações,0
64,10% sobre o que exceder a 100% do IPCA + YIELD do IMA-B5,15%,Renda Variável,50000.0,a0W3u00000AdGztEAF,88889351.0,11395182083.0,32171377.0,9440190761.0,230773091.0,5.0,FIC de Fundo de Ações,0
65,20% sobre o que exceder a 100% do IBOVESPA,15%,Renda Variável,50000.0,a0W3u00000AdH5SEAV,47931808.0,9067646711.0,273762591.0,9897049768.0,2247535.0,5.0,FIC de Fundo de Ações,0
66,20% sobre o que exceder a 100% do IBOVESPA,15%,Renda Variável,100000.0,a0W3u00000AdH6BEAV,-248062827.0,2239376312.0,-37750873.0,0.0,215661719.0,5.0,FIC de Fundo de Ações,0
67,20% sobre o que exceder a 100% do IBOVESPA,15%,Renda Variável,50000.0,a0W3u00000AdHICEA3,139746.0,8048192350036.0,20062869.0,0.0,200486142.0,5.0,FIC de Fundo de Ações,0
68,20% sobre o que exceder a 100% do CDI,Come Cotas,Renda Fixa,100000.0,a0W3u00000AdHIMEA3,47725103.0,4545143253.0,59046579.0,0.0,11267701.0,4.0,FIC de Fundo Multimercado,1
69,20% sobre o que exceder a 100% do IPCA + YIELD do IMA-B,Come Cotas,Renda Fixa,100000.0,a0W3u00000AdHIREA3,190361423.0,73807222.0,305124918.0,0.0,112619652.0,5.0,FIC de Fundo Multimercado,0
70,20% sobre o que exceder a 100% do CDI,Come Cotas,Renda Fixa,50000.0,a0W3u00000AdHIgEAN,-51081827.0,8807183811.0,-76873188.0,227262715.0,-25923784.0,4.0,FIC de Fundo Multimercado,1
71,20% sobre o que exceder a 100% do CDI,Come Cotas,Renda Fixa,50000.0,a0W3u00000AdHJtEAN,74429377.0,3132266983.0,-64980778.0,2313814782.0,-1383802.0,4.0,FIC de Fundo Multimercado,1
72,Não,Come Cotas,Renda Fixa,10000.0,a0W3u00000AdHK3EAN,46410531.0,26255754754.0,50066246.0,2341856576.0,3638827.0,3.0,Fundo de Renda Fixa,1
73,20% sobre o que exceder a 100% do IPCA + YIELD do IMA-B,15%,Renda Variável,50000.0,a0W3u00000AdHSHEA3,51474279.0,15966531112.0,1.66505969999999e+16,0.0,114442607.0,5.0,FIC de Fundo de Ações,0
74,20% sobre o que exceder a 100% do CDI,Come Cotas,Renda Fixa,50000.0,a0W3u00000AdHSREA3,62183848.0,75021938111.0,75536752.0,3258242614.0,13270384.0,3.0,FIC de Fundo Multimercado,1
75,20% sobre o que exceder a 100% do IBOVESPA,15%,Renda Variável,200000.0,a0W3u00000AdHWyEAN,-66926807.0,379905467329.0,218193.0,14446343884.0,67597408.0,5.0,FIC de Fundo de Ações,2
76,20% sobre o que exceder a 100% do CDI,Come Cotas,Renda Fixa,200000.0,a0W3u00000AdHYkEAN,-58939386.0,27464721739.0,-76742076.0,2877365846.0,-17908241.0,4.0,FIC de Fundo Multimercado,2
77,20% sobre o que exceder a 100% do CDI,Come Cotas,Renda Fixa,50000.0,a0W3u00000AdHaWEAV,255658577.0,130699921968.0,448535152.0,0.0,188068444.0,5.0,FIC de Fundo Multimercado,0
78,20% sobre o que exceder a 100% do CDI,Come Cotas,Renda Fixa,100000.0,a0W3u00000AdHagEAF,-12955566.0,1138782383.0,-57702604.0,2003004927.0,72796171.0,4.0,FIC de Fundo Multimercado,1
79,20% sobre o que exceder a 100% do CDI,Come Cotas,Renda Fixa,200000.0,a0W3u00000AdHikEAF,7403247.0,1324086583.0,82826609.0,0.0,8729512.0,4.0,FIC de Fundo de Renda Fixa,2
80,20% sobre o que exceder a 100% do CDI,15%,Renda Variável,10000.0,a0W3u00000AdHizEAF,12769821.0,42559937457.0,67372343.0,4378971169.0,54532884.0,5.0,FIC de Fundo de Ações,0
81,20% sobre o que exceder a 100% do IBOVESPA,15%,Renda Variável,50000.0,a0W3u00000AdHlKEAV,134759535.0,9804401009.0,234390182.0,0.0,98305881.0,5.0,FIC de Fundo de Ações,0
82,10% sobre o que exceder a 100% do CDI,Come Cotas,Renda Fixa,10000.0,a0W3u00000AdJjVEAV,110372444.0,10830994344.0,108919829.0,0.0,-1436757.0,4.0,Fundo Multimercado,1
83,Não,Come Cotas,Renda Fixa,1000.0,a0W3u00000AdJk9EAF,47794058.0,1540658069.0,50958757.0,0.0,3149646.0,4.0,Fundo de Renda Fixa,1
84,Não,Come Cotas,Renda Fixa,1000.0,a0W3u00000AdJkEEAV,43260846.0,12987482621.0,50394545.0,2462016809.0,7102971.0,3.0,Fundo de Renda Fixa,1
85,20% sobre o que exceder a 100% do CDI,Come Cotas,Renda Fixa,50000.0,a0W3u00000AdJt1EAF,47587099.0,827717643.0,51122007.0,0.0,3518166.0,4.0,FIC de Fundo de Renda Fixa,1
86,20% sobre o que exceder a 100% do CDI,Come Cotas,Renda Fixa,50000.0,a0W3u00000AdJt6EAF,32794751.0,42644542488.0,34147144.0,0.0,1347972.0,5.0,Fundo de Renda Fixa,0
87,10% sobre o que exceder a 100% do CDI,Come Cotas,Renda Fixa,10000.0,a0W3u00000AdJtBEAV,4.554899e+16,246023019089.0,49445919.0,0.0,3879259.0,3.0,Fundo de Renda Fixa,1
88,20% sobre o que exceder a 100% do IBRX,15%,Renda Variável,50000.0,a0W3u00000AdKAqEAN,191878628.0,15118903365.0,432803724.0,9323339612.0,236389291.0,5.0,FIC de Fundo de Ações,0
89,20% sobre o que exceder a 100% do IBRX,15%,Renda Variável,100000.0,a0W3u00000AdKNzEAN,228273857.0,13669089027.0,352221653.0,9658391771.0,121181538.0,5.0,FIC de Fundo de Ações,0
90,20% sobre o que exceder a 100% do IMA-B,Come Cotas,Renda Fixa,50000.0,a0W3u00000AdKOYEA3,31271879.0,2669436184.0,364010695.0,8722730217.0,49736549.0,5.0,FIC de Fundo Multimercado,0
91,20% sobre o que exceder a 100% do CDI,Come Cotas,Renda Fixa,50000.0,a0W3u00000AdKOdEAN,1835557.0,33432563866.0,48862833.0,4533034039.0,30451368.0,5.0,FIC de Fundo Multimercado,0
92,20% sobre o que exceder a 100% do CDI,Come Cotas,Renda Fixa,50000.0,a0W3u00000AdKOiEAN,18788463.0,3650977149.0,34546088.0,3019936151.0,15728074.0,4.0,FIC de Fundo Multimercado,1
93,20% sobre o que exceder a 100% do CDI,Come Cotas,Renda Fixa,50000.0,a0W3u00000AdKOsEAN,-78783287.0,24810054205.0,-81916603.0,3245323362.0,-3158198.0,4.0,FIC de Fundo Multimercado,1
94,20% sobre o que exceder a 100% do IBOVESPA,15%,Renda Variável,50000.0,a0W3u00000AdKZREA3,141608332.0,1923767337.0,378781259.0,11463150651.0,233861258.0,5.0,FIC de Fundo de Ações,0
95,20% sobre o que exceder a 100% do IBOVESPA,15%,Renda Variável,50000.0,a0W3u00000AdKZqEAN,512906387.0,30119953598.0,714912399.0,8662743598.0,192150491.0,5.0,FIC de Fundo de Ações,0
96,20% sobre o que exceder a 100% do IGPM + 6%,15%,Renda Variável,50000.0,a0W3u00000AdKZvEAN,454245281.0,7231894298.0,641676891.0,9443684129.0,179287557.0,5.0,FIC de Fundo de Ações,0
97,20% sobre o que exceder a 100% do IBRX,15%,Renda Variável,50000.0,a0W3u00000AdKeHEAV,211371729.0,75733878959.0,472032133.0,15129075894.0,255264827.0,5.0,FIC de Fundo de Ações,0
98,20% sobre o que exceder a 100% do CDI,Come Cotas,Renda Fixa,50000.0,a0W3u00000AdKfUEAV,-542387741.0,38587799568.0,-838235249.0,3889413692.0,-312814165.0,4.0,Fundo Multimercado,1
99,20% sobre o que exceder a 100% do CDI,Come Cotas,Renda Fixa,50000.0,a0W3u00000AdKfeEAF,-166397852.0,4742718922.0,-268496729.0,0.0,-103826527.0,4.0,Fundo Multimercado,1
100,20% sobre o que exceder a 100% do IBRX,15%,Renda Variável,50000.0,a0W3u00000AdKg3EAF,-143706761.0,40120933816.0,-53701858.0,11103650192.0,91317192.0,5.0,Fundo de Ações,0
101,20% sobre o que exceder a 100% do IBOVESPA,15%,Renda Variável,100000.0,a0W3u00000AdKoMEAV,107159908.0,8812729141.0,289517991.0,10268697294.0,180424654.0,5.0,Fundo de Ações,0
102,20% sobre o que exceder a 100% do IPCA + 6%,15%,Renda Variável,100000.0,a0W3u00000AdKoWEAV,281469786.0,19957889367.0,422021458.0,830256666.0,136703871.0,5.0,FIC de Fundo de Ações,0
103,20% sobre o que exceder a 100% do IPCA + X%,15%,Renda Variável,200000.0,a0W3u00000AdKwBEAV,455783379.0,73545317229.0,660570154.0,10983435324.0,19585981.0,5.0,FIC de Fundo de Ações,2
104,Não,15%,Renda Variável,200000.0,a0W3u00000AdKwaEAF,518149204.0,34809847399.0,700626936.0,11675184696.0,173488443.0,5.0,Fundo de Ações,2
105,20% sobre o que exceder a 100% do IBRX,15%,Renda Variável,50000.0,a0W3u00000AdL7sEAF,-271226021.0,12310862618.0,12221596.0,10810750113.0,291349781.0,5.0,Fundo de Ações,0
106,20% sobre o que exceder a 100% do CDI,Come Cotas,Renda Fixa,5000.0,a0W3u00000AdL87EAF,52070526.0,58855702754.0,53223048.0,2371191004.0,1146552.0,3.0,Fundo de Renda Fixa,1
107,15% sobre o que exceder a 100% do IBOVESPA,15%,Renda Variável,10000.0,a0W3u00000AdLF8EAN,1030488.0,26498139316.0,210403979.0,19837775423.0,209351918.0,5.0,Fundo de Ações,0
108,20% sobre o que exceder a 100% do IBOVESPA,15%,Renda Variável,50000.0,a0W3u00000AdLFDEA3,123545157.0,9482444553.0,323072001.0,9882955538.0,197091869.0,5.0,Fundo de Ações,0
109,20% sobre o que exceder a 100% do IBOVESPA,15%,Renda Variável,10000.0,a0W3u00000AdLQ6EAN,-21001226.0,14882550319.0,-527578.0,7654060268.0,209128433.0,5.0,Fundo de Ações,0
110,Não,Come Cotas,Renda Fixa,50000.0,a0W3u00000AdLgkEAF,42131203.0,316535494409.0,45498474.0,25960971.0,3353144.0,3.0,Fundo de Renda Fixa,1
111,Não,Come Cotas,Renda Fixa,50000.0,a0W3u00000AdLnREAV,44801098.0,57558617885.0,48420561.0,0.0,3603319.0,4.0,Fundo de Renda Fixa,1
112,15% sobre o que exceder a 100% do IBOVESPA,15%,Renda Variável,50000.0,a0W3u00000AdLnWEAV,154907971.0,8474057884.0,384529527.0,12114193668.0,226118796.0,5.0,Fundo de Ações,0
113,20% sobre o que exceder a 104% do CDI,Come Cotas,Renda Fixa,50000.0,a0W3u00000AdMSVEA3,52201411.0,12469740630.0,55958436.0,2643471305.0,3737514.0,4.0,FIC de Fundo Multimercado,1
114,Não,Come Cotas,Renda Fixa,10000.0,a0W3u00000AdMTJEA3,54453519.0,2783544564.0,63558201.0,237960065.0,9055373.0,3.0,FIC de Fundo Multimercado,1
115,20% sobre o que exceder a 100% do IMAB5,Come Cotas,Renda Fixa,50000.0,a0W3u00000AdMUCEA3,80423395.0,6494895192.0,96912568.0,3648504309.0,1635762.0,4.0,FIC de Fundo Multimercado,1
116,20% sobre o que exceder a 100% do IBRX,15%,Renda Variável,100000.0,a0W3u00000AdMUbEAN,517561027.0,146026981762.0,809401616.0,14127820714.0,277479341.0,5.0,FIC de Fundo de Ações,0
117,Não,Come Cotas,Renda Fixa,5000.0,a0W3u00000AdMZREA3,46461238.0,422569491192.0,49963182.0,2336742674.0,3485748.0,3.0,FIC de Fundo de Renda Fixa,1
118,20% sobre o que exceder a 100% do CDI,Come Cotas,Renda Fixa,100000.0,a0W3u00000AdMatEAF,119737198.0,83989153801.0,166658045.0,0.0,46365677.0,5.0,FIC de Fundo Multimercado,0
119,20% sobre o que exceder a 100% do CDI,Come Cotas,Renda Fixa,50000.0,a0W3u00000AdMbNEAV,74442615.0,10410670912.0,99118727.0,0.0,24493773.0,4.0,FIC de Fundo Multimercado,1
120,20% sobre o que exceder a 100% do IBOVESPA,15%,Renda Variável,10000.0,a0W3u00000AdMqnEAF,134458246.0,17790848339.0,292305407.0,16567965897.0,155752935.0,5.0,FIC de Fundo de Ações,0
121,20% sobre o que exceder a 100% do CDI,Come Cotas,Renda Fixa,100000.0,a0W3u00000AdMzqEAF,-6205655.0,42705520001.0,-11853126.0,0.0,50516915.0,4.0,FIC de Fundo Multimercado,1
122,20% sobre o que exceder a 100% do CDI,Come Cotas,Renda Fixa,500000.0,a0W3u00000AdNDnEAN,29581223.0,17031912746.0,48601715.0,324922225.0,18964393.0,4.0,FIC de Fundo Multimercado,2
123,Não,Come Cotas,Renda Fixa,5000.0,a0W3u00000AdNpmEAF,-46103856.0,1295586931.0,63986009.0,0.0,110599773.0,5.0,FIC de Fundo Multimercado,0
124,20% sobre o que exceder a 100% do IBOVESPA,15%,Renda Variável,10000.0,a0W3u00000AdO5lEAF,266809246.0,8676734441042.0,4123895.0,8355844871.0,141796979.0,5.0,FIC de Fundo de Ações,0
125,Não,Come Cotas,Renda Fixa,10000.0,a0W3u00000AdO6yEAF,-2510134.0,5241854256.0,1.672696e+16,2677941459.0,19241924.0,4.0,FIC de Fundo Multimercado,1
126,20% sobre o que exceder a 100% do IVBX2,15%,Renda Variável,10000.0,a0W3u00000AdO7DEAV,958843602.0,17795090892097.0,977605568.0,18115156648.0,17120388.0,5.0,Fundo de Ações,0
127,Não,Come Cotas,Renda Fixa,5000.0,a0W3u00000AdO7IEAV,18250878.0,2702260862.0,92745384.0,6885810167.0,74358794.0,4.0,FIC de Fundo Multimercado,1
128,Não,Come Cotas,Renda Fixa,5000.0,a0W3u00000AdOBNEA3,31936446.0,3898684259.0,71210367.0,5268533744.0,39148894.0,3.0,FIC de Fundo Multimercado,1
129,Não,Come Cotas,Renda Fixa,1000.0,a0W3u00000AdOHLEA3,40697418.0,4138986989.0,44499209.0,258779195.0,3786382.0,4.0,FIC de Fundo de Renda Fixa,1
130,20% sobre o que exceder a 100% do IBOVESPA,15%,Renda Variável,5000.0,a0W3u00000AdOQFEA3,-2.68289129999999e+16,1557853109.0,89940585.0,0.0,368105587.0,5.0,Fundo de Ações,0
131,15% sobre o que exceder a 100% do CDI,Come Cotas,Renda Fixa,5000.0,a0W3u00000AdOQZEA3,-337498145.0,1490459639.0,-182261644.0,0.0,160658703.0,3.0,Fundo Multimercado,1
132,20% sobre o que exceder a 100% do CDI,Come Cotas,Renda Fixa,200000.0,a0W3u00000AdQ0eEAF,-156495143.0,41808386767.0,-102726555.0,0.0,54623418.0,4.0,FIC de Fundo Multimercado,2
133,20% sobre o que exceder a 100% do CDI,Come Cotas,Renda Fixa,100000.0,a0W3u00000AdQ9lEAF,45419722.0,13584608472.0,49622486.0,2758050682.0,4183761.0,5.0,FIC de Fundo Multimercado,0
134,20% sobre o que exceder a 100% do CDI,Come Cotas,Renda Fixa,10000.0,a0W3u00000AdQJ2EAN,42175887.0,15266538799.0,46624123.0,2455397777.0,4429553.0,5.0,Fundo de Renda Fixa,0
135,20% sobre o que exceder a 100% do IBOVESPA,15%,Renda Variável,100000.0,a0W3u00000AdQJMEA3,26278475.0,1432777488.0,141984558.0,10629813768.0,115402821.0,5.0,FIC de Fundo de Ações,0
136,Não,Come Cotas,Renda Fixa,200000.0,a0W3u00000AdQRBEA3,-5608895.0,1077031282.0,3270856.0,1953290233.0,8884734.0,4.0,FIC de Fundo Multimercado,2
137,20% sobre o que exceder a 100% do CDI,Come Cotas,Renda Fixa,500000.0,a0W3u00000AdQV8EAN,7027895.0,2138470084.0,3.021849e+16,3628045479.0,23174308.0,3.0,Fundo de Renda Fixa,3
138,20% sobre o que exceder a 100% do CDI,Come Cotas,Renda Fixa,10000.0,a0W3u00000AdQjjEAF,-66912311.0,10503731744.0,1663515.0,0.0,84110263.0,4.0,Fundo Multimercado,1
139,20% sobre o que exceder a 100% do CDI,Come Cotas,Renda Fixa,10000.0,a0W3u00000AdRD5EAN,105904542.0,3094398103.0,132447923.0,0.0,26265221.0,4.0,FIC de Fundo Multimercado,1
140,Não,Come Cotas,Renda Fixa,50000.0,a0W3u00000AdRDeEAN,65164168.0,29512519318.0,69733749.0,0.0,4539997.0,4.0,FIC de Fundo de Renda Fixa,1
141,20% sobre o que exceder a 100% do CDI,Come Cotas,Renda Fixa,100000.0,a0W3u00000AdRWlEAN,61422028.0,41395881663041.0,37935164.0,2739694226.0,-23343484.0,4.0,FIC de Fundo Multimercado,1
142,20% sobre o que exceder a 100% do IBOVESPA,15%,Renda Variável,50000.0,a0W3u00000AdRXFEA3,257534448.0,13991137404.0,393068298.0,0.0,132131021.0,5.0,FIC de Fundo de Ações,0
143,20% sobre o que exceder a 100% do IBOVESPA,15%,Renda Variável,50000.0,a0W3u00000AdRXZEA3,452730676.0,7023125896027.0,593223168.0,0.0,134407455.0,5.0,FIC de Fundo de Ações,0
144,20% sobre o que exceder a 100% do CDI,Come Cotas,Renda Fixa,200000.0,a0W3u00000AdRhGEAV,-71954148.0,4927447421.0,-53045816.0,0.0,19045371.0,4.0,FIC de Fundo Multimercado,2
145,20% sobre o que exceder a 100% do CDI,Come Cotas,Renda Fixa,50000.0,a0W3u00000AdRvnEAF,74971994.0,80680979984.0,99857648.0,349769739.0,2470047.0,4.0,FIC de Fundo Multimercado,1
146,20% sobre o que exceder a 100% do CDI,Come Cotas,Renda Fixa,10000.0,a0W3u00000CWF90EAH,33370422.0,145876287068502.0,43837747.0,2447964455.0,10432511.0,3.0,Fundo Multimercado,1
147,20% sobre o que exceder a 100% do CDI,Come Cotas,Renda Fixa,50000.0,a0W3u00000CWF9FEAX,26584824.0,1404355031104.0,38183826.0,0.0,11568248.0,3.0,Fundo de Renda Fixa,1
148,20% sobre o que exceder a 100% do CDI,Come Cotas,Renda Fixa,100000.0,a0W3u00000CWFE5EAP,12147552.0,11495754183.0,251726.0,2966657109.0,13009246.0,4.0,FIC de Fundo Multimercado,1
149,20% sobre o que exceder a 100% do IBOVESPA,15%,Renda Variável,100000.0,a0W3u00000CWFEZEA5,89303068.0,14183094575.0,212729256.0,10620074019.0,122333711.0,5.0,Fundo de Ações,0
150,20% sobre o que exceder a 100% do CDI,Come Cotas,Renda Fixa,100000.0,a0W3u00000CWFEyEAP,117887131.0,1616942283.0,91897161.0,0.0,-25687152.0,4.0,Fundo Multimercado,1
151,20% do que excede 100% do IPCA + 6%aa,15%,Renda Variável,200000.0,a0W3u00000CWH7VEAX,206624722.0,15154556593.0,325780325.0,0.0,116743396.0,5.0,FIC de Fundo de Ações,2
152,20% sobre o que exceder a 100% do CDI,Come Cotas,Renda Fixa,20000.0,a0W3u00000CWH7aEAH,-21450279.0,8722589529.0,-58391714.0,0.0,-37020846.0,4.0,FIC de Fundo Multimercado,1
153,20% sobre o que exceder a 100% do IBOVESPA,15%,Renda Variável,10000.0,a0W3u00000CWHITEA5,42088944.0,6717709221.0,354202357.0,12411185066.0,310805266.0,5.0,Fundo de Ações,0
154,20% sobre o que exceder a 100% do CDI,Come Cotas,Renda Fixa,10000.0,a0W3u00000CWHIYEA5,85082421.0,268781420.0,136774535.0,3531427894.0,51256016.0,3.0,Fundo Multimercado,1
155,20% sobre o que exceder a 100% do IBOVESPA,15%,Renda Variável,10000.0,a0W3u00000CWHQ8EAP,-174246102.0,16401318039.0,-46598212.0,17665410595.0,129911548.0,5.0,FIC de Fundo de Ações,0
156,20% sobre o que exceder a 100% do CDI,Come Cotas,Renda Fixa,10000.0,a0W3u00000CWIIbEAP,-131940554.0,11042264652.0,-133738092.0,2944404874.0,-1821572.0,3.0,FIC de Fundo Multimercado,1
157,Não,Come Cotas,Renda Fixa,50000.0,a0W3u00000CWJdfEAH,-44796273.0,1917857714.0,-156002414.0,2314595111.0,-111706544.0,5.0,Fundo Multimercado,0
158,20% sobre o que exceder a 100% do CDI,Come Cotas,Renda Fixa,200000.0,a0W3u00000CWKCQEA5,13949486.0,53955427.0,40320818.0,3397755403.0,26334597.0,4.0,FIC de Fundo Multimercado,2
159,20% sobre o que exceder a 100% do IDV,15%,Renda Variável,50000.0,a0W3u00000CWKIdEAP,-1.81483359999999e+16,1388898366.0,-58034984.0,0.0,125730169.0,5.0,FIC de Fundo de Ações,0
160,20% sobre o que exceder a 100% do IBOVESPA,15%,Renda Variável,50000.0,a0W3u00000CWKKUEA5,85523709.0,1429737466.0,265511857.0,0.0,178461875.0,5.0,FIC de Fundo de Ações,0
161,20% sobre o que exceder a 100% do CDI,Come Cotas,Renda Fixa,10000.0,a0W3u00000CWKMLEA5,74027081.0,1394799689.0,96313749.0,0.0,22122898.0,3.0,FIC de Fundo Multimercado,1
162,20% sobre o que exceder a 100% do IBOVESPA,15%,Renda Variável,50000.0,a0W3u00000CWKgLEAX,91268734.0,1247759954.0,352386213.0,0.0,258755847.0,5.0,FIC de Fundo de Ações,0
163,20% sobre o que exceder a 100% do CDI,Come Cotas,Renda Fixa,50000.0,a0W3u00000CWKhTEAX,29805794.0,1094291461.0,74146834.0,0.0,44209271.0,4.0,FIC de Fundo Multimercado,1
164,Não,Come Cotas,Renda Fixa,300.0,a0W3u00000CWKkhEAH,36106783.0,660712485.0,39157487.0,0.0,3039729.0,3.0,FIC de Fundo de Renda Fixa,1
165,20% sobre o que exceder a 100% do SMLL,15%,Renda Variável,50000.0,a0W3u00000CWKlzEAH,77876824.0,1264642317.0,363840654.0,0.0,283754043.0,5.0,FIC de Fundo de Ações,0
166,20% sobre o que exceder a 100% do IBOVESPA,15%,Renda Variável,200000.0,a0W3u00000CWMTgEAP,-58345329.0,121652063284.0,39266569.0,8912418963.0,9818476.0,5.0,FIC de Fundo de Ações,2
167,20% sobre o que exceder a 100% do CDI,Come Cotas,Renda Fixa,50000.0,a0W3u00000CWNtcEAH,34149364.0,25997043288.0,3336872.0,2648690935.0,-777987.0,3.0,FIC de Fundo Multimercado,1
168,20% sobre o que exceder a 100% do IBRX-50,15%,Renda Variável,10000.0,a0W3u00000CWNtmEAH,-1208798.0,3830619443.0,152599811.0,0.0,153827203.0,5.0,Fundo de Ações,0
169,20% sobre o que exceder a 100% do IPCA + 6%,Come Cotas,Renda Fixa,200000.0,a0W3u00000CWOGlEAP,301814812.0,65122492385.0,496825015.0,7534782634.0,18929694.0,5.0,FIC de Fundo Multimercado,2
170,Não,15%,Renda Variável,200000.0,a0W3u00000CWOINEA5,340764436.0,32048616696.0,5842272900000000.0,7721348166.0,2.354399e+16,5.0,FIC de Fundo de Ações,2
171,10% sobre o que exceder a 100% do CDI,Come Cotas,Renda Fixa,100000.0,a0W3u00000CWOZnEAP,349392305.0,34916304908.0,357655394.0,3068533368.0,7984129.0,3.0,FIC de Fundo Multimercado,1
172,20% sobre o que exceder a 100% do IPCA,Come Cotas,Renda Fixa,100000.0,a0W3u00000CWOZsEAP,459070774.0,12172505263.0,544756208.0,7658714545.0,81924519.0,5.0,FIC de Fundo Multimercado,0
173,20% sobre o que exceder a 100% do CDI,Come Cotas,Renda Fixa,5000.0,a0W3u00000CWOaHEAX,-25335865.0,4988411744.0,40726329.0,213035793.0,66229993.0,4.0,FIC de Fundo Multimercado,1
174,20% sobre o que exceder a 100% do IBOVESPA,15%,Renda Variável,5000.0,a0W3u00000CWOaMEAX,706956.0,11143489254.0,250131734.0,9648695965.0,249407146.0,5.0,FIC de Fundo de Ações,0
175,20% sobre o que exceder a 100% do IMA-GERAL,Come Cotas,Renda Fixa,5000.0,a0W3u00000CWOg9EAH,95663015.0,5507137377.0,109455347.0,3817569107.0,1366164.0,5.0,Fundo de Renda Fixa,0
176,Não,Come Cotas,Renda Fixa,5000.0,a0W3u00000CWOgJEAX,39333674.0,18901991488.0,42506988.0,254524004.0,3160881.0,3.0,FIC de Fundo de Renda Fixa,1
177,20% sobre o que exceder a 100% do CDI,Come Cotas,Renda Fixa,100000.0,a0W3u00000CWOgTEAX,-47707346.0,19741272187.0,4764422.0,0.0,52723297.0,4.0,FIC de Fundo Multimercado,1
178,20% sobre o que exceder a 100% do IBRX-100,15%,Renda Variável,50000.0,a0W3u00000CWOmHEAX,72091468.0,27527152845.0,279847431.0,0.0,206268941.0,5.0,FIC de Fundo de Ações,0
179,20% sobre o que exceder a 100% do IPCA + YIELD do IMA-B,Come Cotas,Renda Fixa,50000.0,a0W3u00000CWOmMEAX,18612475.0,117778840124.0,310699175.0,0.0,122298154.0,4.0,FIC de Fundo Multimercado,1
180,Não,15%,Renda Variável,300000.0,a0W3u00000CWPUGEA5,297494854.0,65582171234.0,520717701.0,0.0,216773934.0,5.0,FIC de Fundo de Ações,2
181,20% sobre o que exceder a 100% do IPCA + 6%,15%,Renda Variável,50000.0,a0W3u00000CWPUVEA5,2628397.0,38392972232.0,442943412.0,0.0,175491109.0,5.0,FIC de Fundo de Ações,0
182,15% sobre o que exceder a 100% do IBOVESPA,15%,Renda Variável,50000.0,a0W3u00000CWQ8aEAH,343674891.0,146581559457.0,555366859.0,19726585256.0,204658373.0,5.0,Fundo de Ações,0
183,15% sobre o que exceder a 100% do CDI,Come Cotas,Renda Fixa,50000.0,a0W3u00000CWQ8kEAH,423377022.0,6128976419.0,510086655.0,0.0,83187658.0,5.0,Fundo Multimercado,0
184,20% sobre o que exceder a 100% do CDI,Come Cotas,Renda Fixa,100000.0,a0W3u00000CWQE4EAP,-41052675.0,4513964679043.0,23791672.0,0.0,65111648.0,4.0,FIC de Fundo Multimercado,1
185,20% sobre o que exceder a 100% do IPCA + YIELD IMA-B,Come Cotas,Renda Fixa,100000.0,a0W3u00000CWQPnEAP,-10753801.0,2919978861.0,-50649533.0,0.0,57506894.0,5.0,FIC de Fundo Multimercado,0
186,20% sobre o que exceder a 100% do CDI,Come Cotas,Renda Fixa,100000.0,a0W3u00000CWQPsEAP,32880815056.0,31721037798.0,32902914921.0,0.0,5153789.0,5.0,FIC de Fundo Multimercado,0
187,20% sobre o que exceder 100% do índice IPCA + YIELD IMA-B,15%,Renda Variável,100000.0,a0W3u00000CWQQ2EAP,-1836681132.0,11158517939.0,-1788131686.0,0.0,5947268.0,5.0,FIC de Fundo de Ações,0
188,20% sobre o que exceder 100% do índice IDIV,15%,Renda Variável,5000.0,a0W3u00000CWQQMEA5,700287251.0,2122135431.0,889932753.0,0.0,177234029.0,5.0,FIC de Fundo de Ações,0
189,20% sobre o que exceder a 100% do IBOVESPA,15%,Renda Variável,10000.0,a0W3u00000CWQcGEAX,777611849.0,17344955988.0,-240738223.0,7946881856.0,-240738223.0,5.0,FIC de Fundo de Ações,0
190,20% sobre o que exceder a 100% do IBOVESPA,15%,Renda Variável,10000.0,a0W6A000005fMbsUAE,-27883538.0,88648858548.0,58574465.0,17673444347.0,347087882.0,5.0,FIC de Fundo de Ações,0
191,Não,Come Cotas,Renda Fixa,300.0,a0W6A000008FwYQUA0,29482476.0,23917191.0,38427984.0,3407720449.0,8919212.0,3.0,FIC de Fundo de Renda Fixa,1
192,Não,Come Cotas,Renda Fixa,10000.0,a0W6A000009GZVHUA4,672689556.0,0.0,590234825.0,4381325326.0,-77257687.0,4.0,FIC de Fundo Cambial,1
193,Não,Come Cotas,Renda Fixa,300.0,a0W6A000009GZdgUAG,37292278.0,25186113121.0,42399821.0,0.0,5088567.0,1.0,Fundo de Renda Fixa,1
194,20% sobre o que exceder a 100% do CDI,Come Cotas,Renda Fixa,1000.0,a0W6A000009GbXIUA0,17999931.0,2039679556.0,24260029.0,0.0,6248851.0,3.0,Fundo Multimercado,1
195,20% sobre o que exceder a 100% do CDI,Come Cotas,Renda Fixa,100000.0,a0W6A000009IJadUAG,-24755851.0,4248279827.0,7624631.0,0.0,32460841.0,4.0,FIC de Fundo Multimercado,1
196,20% sobre o que exceder a 100% do CDI,Come Cotas,Renda Fixa,300.0,a0W6A000009IJjgUAG,36634856.0,1863667581.0,42627543.0,0.0,5970813.0,3.0,FIC de Fundo de Renda Fixa,1
197,10% sobre o que exceder a 100% do CDI,Come Cotas,Renda Fixa,10000.0,a0W6A000009Ky7bUAC,117637545.0,654196654.0,112947192.0,0.0,-4635818.0,4.0,FIC de Fundo Multimercado,1
198,10% sobre o que exceder a 100% do CDI,Come Cotas,Renda Fixa,1000.0,a0W6A000009KycOUAS,46721719.0,284670136.0,58563298.0,0.0,1178651.0,4.0,FIC de Fundo Multimercado,1
199,10% sobre o que exceder a 100% do CDI,Come Cotas,Renda Fixa,300.0,a0W6A000009L0FgUAK,-1328571.0,179961276.0,28042024.0,0.0,29374498.0,4.0,Fundo Multimercado,1
200,10% sobre o que exceder a 100% do CDI,Come Cotas,Renda Fixa,10000.0,a0W6A000009R6mvUAC,86006479.0,6528205445.0,144783137.0,0.0,58275451.0,4.0,FIC de Fundo Multimercado,1
201,20% sobre o que exceder a 100% do CDI,Come Cotas,Renda Fixa,50000.0,a0W6A000009agwtUAA,59634587.0,0.0,86805228.0,3074847556.0,27009571.0,3.0,Fundo Multimercado,1
202,20% sobre o que exceder a 100% do CDI,Come Cotas,Renda Fixa,10000.0,a0W6A000009ai38UAA,37941235.0,0.0,43812035.0,239527277.0,584861.0,2.0,Fundo de Renda Fixa,1
203,Não,Come Cotas,Renda Fixa,30000.0,a0W6A000009lsp4UAA,37811605.0,364783412025.0,42789089.0,2289058569.0,4958734.0,2.0,Fundo de Renda Fixa,1
204,20% sobre o que exceder a 100% do CDI,Come Cotas,Renda Fixa,10000.0,a0W6A000009luG5UAI,3.946244e+16,391584256.0,54144033.0,2429718754.0,14623884.0,3.0,Fundo Multimercado,1
205,20% sobre o que exceder a 100% do CDI,Come Cotas,Renda Fixa,50000.0,a0W6A000009luOMUAY,25018421.0,11106410684.0,26044187.0,2138394114.0,1023206.0,3.0,Fundo Multimercado,1
206,Não,15%,Renda Variável,50000.0,a0W6A000009luUVUAY,82567928.0,9568771946.0,275868958.0,7598640653.0,191718053.0,5.0,FIC de Fundo de Ações,0
207,Não,15%,Renda Variável,50000.0,a0W6A000009n2phUAA,2.0317863e+16,203255739086.0,428437644.0,11701536414.0,220773371.0,5.0,FIC de Fundo de Ações,0
208,20% sobre o que exceder a 100% do CDI,Come Cotas,Renda Fixa,50000.0,a0W6A000009n349UAA,64952968.0,143766523019.0,105215478.0,377500277.0,40002681.0,4.0,Fundo Multimercado,1
209,Não,Come Cotas,Renda Fixa,10000.0,a0W6A000009n5KwUAI,60419293.0,14018900648.0,66993121.0,0.0,6534348.0,4.0,FIC de Fundo de Renda Fixa,1
210,20% sobre o que exceder a 104% do CDI,Come Cotas,Renda Fixa,50000.0,a0W6A000009n5OtUAI,41119102.0,7020394021.0,44052209.0,0.0,2921096.0,4.0,FIC de Fundo de Renda Fixa,1
211,Não,Come Cotas,Renda Fixa,10000.0,a0W6A000009y4V6UAI,3464158.0,47840618203.0,39999924.0,2354368339.0,5339847.0,3.0,FIC de Fundo de Renda Fixa,1
212,Não,Come Cotas,Renda Fixa,50000.0,a0W6A000009zAsiUAE,43029015.0,58922865769.0,50446716.0,2329063097.0,738592.0,3.0,Fundo de Renda Fixa,1
213,Não,15%,Renda Variável,1000.0,a0W6A000009zEPVUA2,-28166703.0,1574382463.0,89192413.0,11025030425.0,117690612.0,5.0,Fundo de Ações,0
214,20% sobre o que exceder a 100% do CDI,Come Cotas,Renda Fixa,10000.0,a0W6A00000A1UvkUAF,-560237.0,18157796075.0,44708672.0,0.0,45271445.0,5.0,Fundo Multimercado,0
215,Não,15%,Renda Variável,25000.0,a0W6A00000A1YLYUA3,20610206.0,3113297986.0,520354681.0,14390844873.0,307906603.0,5.0,Fundo de Ações,0
216,20% sobre o que exceder a 100% do CDI,Come Cotas,Renda Fixa,50000.0,a0W6A00000A1aGIUAZ,3567125.0,12232174157.0,18853465.0,2300411484.0,15280889.0,3.0,Fundo Multimercado,1
217,20% sobre o que exceder a 100% do CDI,Come Cotas,Renda Fixa,50000.0,a0W6A00000A3isbUAB,34207806.0,88654287325.0,28657502.0,2520707206.0,-5531382.0,3.0,Fundo de Renda Fixa,1
218,20% sobre o que exceder a 108% do CDI,Come Cotas,Renda Fixa,50000.0,a0W6A00000A3mRRUAZ,48197752.0,32541064474.0,46699057.0,2433480245.0,-1491507.0,4.0,Fundo de Renda Fixa,1
219,20% sobre o que exceder a 100% do IMAB-5,Come Cotas,Renda Fixa,50000.0,a0W6A00000A3mveUAB,43474356.0,14231991162.0,63513256.0,4016005972.0,1.995216e+16,3.0,Fundo de Renda Fixa,1
220,20% sobre o que exceder a 100% do IBOVESPA,15%,Renda Variável,10000.0,a0W6A00000A4sdBUAR,171824162.0,63737708474.0,387163908.0,13532493337.0,211702191.0,5.0,Fundo de Ações,0
221,20% sobre o que exceder a 100% do CDI,Come Cotas,Renda Fixa,50000.0,a0W6A00000A4zhSUAR,18662271.0,184760662472.0,68841827.0,3601762049.0,50086084.0,5.0,FIC de Fundo Multimercado,0
222,20% sobre o que exceder a 100% do CDI,Come Cotas,Renda Fixa,50000.0,a0W6A00000AAHO5UAP,20146562.0,2784896253.0,42931066.0,2774231754.0,22738694.0,4.0,FIC de Fundo Multimercado,1
223,20% sobre o que exceder a 100% do IBOVESPA,15%,Renda Variável,50000.0,a0W6A00000AAMe0UAH,93639081.0,45815736384.0,318017629.0,10265666113.0,2.22296979999999e+16,5.0,FIC de Fundo de Ações,0
224,20% sobre o que exceder a 100% do IPCA + 6%,Come Cotas,Renda Fixa,50000.0,a0W6A00000AANjjUAH,151637855.0,24301486818.0,346185938.0,7911136438.0,191642064.0,5.0,FIC de Fundo Multimercado,0
225,20% sobre o que exceder a 100% do IBRX-100,15%,Renda Variável,10000.0,a0W6A00000AAQQtUAP,27141827.0,72684180742.0,241315741.0,-1447079806.0,21359418.0,5.0,FIC de Fundo de Ações,0
226,15% sobre o que exceder a 100% do IPCA + 6%,15%,Renda Variável,10000.0,a0W6A00000AAQilUAH,62507006.0,60047472636.0,262845325.0,13129830619.0,199093843.0,5.0,FIC de Fundo de Ações,0
227,20% sobre o que exceder a 100% do IPCA + YIELD do IMA-B,Come Cotas,Renda Fixa,50000.0,a0W6A00000ABccwUAD,331896173.0,18587287807.0,525256547.0,0.0,187148972.0,5.0,Fundo Multimercado,0
228,20% sobre o que exceder a 100% do CDI,Come Cotas,Renda Fixa,50000.0,a0W6A00000ABdmuUAD,-148201316.0,18646891684.0,-91264678.0,443605745.0,5779314.0,5.0,Fundo Multimercado,0
229,Não,Come Cotas,Renda Fixa,50000.0,a0W6A00000AF4cZUAT,4067465.0,59468811483.0,46189406.0,2474528245.0,5492415.0,3.0,FIC de Fundo de Renda Fixa,1
230,15% sobre o que exceder a 100% do CDI,Come Cotas,Renda Fixa,50000.0,a0W6A00000AF4lSUAT,57609657.0,29645536656.0,63834641.0,2683737923.0,6189328.0,4.0,FIC de Fundo de Renda Fixa,1
231,20% sobre o que exceder a 100% do CDI,Come Cotas,Renda Fixa,10000.0,a0W6A00000AF661UAD,42672509.0,86622523773.0,47037583.0,0.0,4346527.0,4.0,Fundo de Renda Fixa,1
232,Não,Come Cotas,Renda Fixa,10000.0,a0W6A00000AGBucUAH,43419678.0,253846726042.0,47427497.0,0.0,3990493.0,3.0,Fundo de Renda Fixa,1
233,Não,Come Cotas,Renda Fixa,10000.0,a0W6A00000AGCMzUAP,52327345.0,36058787382.0,54002244.0,0.0,166618.0,4.0,Fundo de Renda Fixa,1
234,20% sobre o que exceder a 100% do CDI,Come Cotas,Renda Fixa,200000.0,a0W6A00000AGGmZUAX,-69794605.0,9932080404.0,-74888942.0,2563881872.0,-5130142.0,4.0,FIC de Fundo Multimercado,2
235,20% sobre o que exceder a 100% do IBOVESPA,15%,Renda Variável,50000.0,a0W6A00000AGH88UAH,-222928075.0,1611761519.0,-57615535.0,7849374886.0,1.6908185e+16,5.0,Fundo de Ações,0
236,Não,15%,Renda Variável,5000.0,a0W6A00000AGHKQUA5,-25253963.0,78820752629.0,178272658.0,10205898389.0,204041908.0,5.0,Fundo de Ações,0
237,20% sobre o que exceder a 100% do CDI,Come Cotas,Renda Fixa,200000.0,a0W6A00000AGHUKUA5,116291378.0,4007112001.0,118794648.0,2244055579.0,2474494.0,4.0,FIC de Fundo Multimercado,2
238,20% sobre o que exceder a 100% do IBOVESPA,15%,Renda Variável,10000.0,a0W6A00000AGHfEUAX,-156208575.0,10568578712.0,-11185232.0,8730931666.0,147324681.0,5.0,FIC de Fundo de Ações,0
239,20% sobre o que exceder a 100% do CDI,Come Cotas,Renda Fixa,50000.0,a0W6A00000AGHzdUAH,-19987517.0,5387066918.0,17600399.0,2363393424.0,37663195.0,4.0,Fundo Multimercado,1
240,20% sobre o que exceder a 100% do CDI,Come Cotas,Renda Fixa,10000.0,a0W6A00000AGIIwUAP,-86144277.0,165940922.0,-80837964.0,2322450267.0,5352421.0,3.0,Fundo Multimercado,1
241,20% sobre o que exceder a 100% do IMA-B,Come Cotas,Renda Fixa,10000.0,a0W6A00000AHOpNUAX,81536968.0,20345099911.0,96730197.0,0.0,1.507035e+16,4.0,Fundo Multimercado,1
242,Não,Come Cotas,Renda Fixa,10000.0,a0W6A00000AHOqGUAX,41688477.0,230586212114.0,45320947.0,0.0,361739.0,3.0,Fundo de Renda Fixa,1
243,Não,Come Cotas,Renda Fixa,50000.0,a0W6A00000AJsWFUA1,46618597.0,159201571286.0,50982442.0,0.0,4343595.0,3.0,Fundo de Renda Fixa,1
244,Não,Come Cotas,Renda Fixa,50000.0,a0W6A00000AJt2OUAT,51155523.0,85086802293.0,55675344.0,0.0,4496818.0,4.0,Fundo de Renda Fixa,1
245,20% sobre o que exceder a 100% do IBOVESPA,15%,Renda Variável,5000.0,a0W6A00000AJzUBUA1,294704609.0,3475181605.0,562551038.0,11524946762.0,260178839.0,5.0,FIC de Fundo de Ações,0
246,20% sobre o que exceder a 100% do CDI,Come Cotas,Renda Fixa,5000.0,a0W6A00000AJztjUAD,71908019.0,45665990812.0,85908896.0,3029046958.0,13900918.0,4.0,FIC de Fundo Multimercado,1
247,Não,15%,Renda Variável,50000.0,a0W6A00000AK0bWUAT,296291897.0,37874840786.0,536553546.0,10465250255.0,233347745.0,5.0,FIC de Fundo de Ações,0
248,20% sobre o que exceder a 100% do CDI,Come Cotas,Renda Fixa,100000.0,a0W6A00000AK1QGUA1,-205731616.0,163704821641.0,-54236243.0,4705469455.0,15467758.0,5.0,FIC de Fundo Multimercado,0
249,20% sobre o que exceder a 100% do CDI,Come Cotas,Renda Fixa,50000.0,a0W6A00000ARIOcUAP,48577639.0,3475360832.0,5247201.0,2811283946.0,3875545.0,4.0,FIC de Fundo Multimercado,1
250,20% sobre o que exceder a 100% do CDI,Come Cotas,Renda Fixa,100000.0,a0W6A00000ARK9YUAX,-873086.0,11805260905.0,152086954.0,3873519988.0,152973395.0,5.0,FIC de Fundo Multimercado,0
251,20% sobre o que exceder a 100% do IBOVESPA,15%,Renda Variável,50000.0,a0W6A00000ASOMfUAP,394144272.0,68953644963.0,608059115.0,13369102339.0,205803227.0,5.0,FIC de Fundo de Ações,0
252,20% sobre o que exceder a 100% do CDI,Come Cotas,Renda Fixa,100000.0,a0W6A00000ASOgVUAX,35188797.0,13915402681.0,64910866.0,2761957572.0,29617847.0,3.0,FIC de Fundo Multimercado,1
253,20% sobre o que exceder a 100% do IBRX-100,15%,Renda Variável,100000.0,a0W6A00000ASOvQUAX,194718697.0,22588036224.0,379376315.0,10365384016.0,181130665.0,5.0,Fundo de Ações,0
254,20% sobre o que exceder a 100% do CDI,Come Cotas,Renda Fixa,50000.0,a0W6A00000ASP9NUAX,79235372.0,1580745996.0,123567635.0,0.0,43983757.0,5.0,FIC de Fundo Multimercado,0
255,20% sobre o que exceder a 100% do CDI,Come Cotas,Renda Fixa,10000.0,a0W6A00000ATTp5UAH,29545443.0,73128209043.0,45194048.0,2417365918.0,15602508.0,3.0,Fundo Multimercado,1
256,Não,15%,Renda Variável,50000.0,a0W6A00000AYsxUUAT,95322572.0,63886288994.0,199007152.0,9719051709.0,102705564.0,5.0,FIC de Fundo de Ações,0
257,Não,Come Cotas,Renda Fixa,50000.0,a0W6A00000AYtYZUA1,169362527.0,33424391177.0,248856439.0,5083834391.0,78170005.0,5.0,Fundo Multimercado,0
258,20% sobre o que exceder a 100% do IPCA + 6%,Come Cotas,Renda Fixa,50000.0,a0W6A00000AYtxaUAD,217076139.0,3459420553.0,332904854.0,6807444112.0,113367771.0,5.0,Fundo Multimercado,0
259,20% sobre o que exceder a 100% do CDI,Come Cotas,Renda Fixa,50000.0,a0W6A00000AYyGSUA1,75251696.0,165459491088.0,107437231.0,3213552232.0,31945143.0,4.0,FIC de Fundo Multimercado,1
260,Não,Come Cotas,Renda Fixa,10000.0,a0W6A00000AZ0GHUA1,671826142.0,2400868987.0,590065601.0,4277701979.0,-7661345.0,4.0,Fundo Cambial,1
261,20% sobre o que exceder a 100% do CDI,Come Cotas,Renda Fixa,100000.0,a0W6A00000AZ1V0UAL,294030506.0,8978271525.0,331820693.0,0.0,36710779.0,4.0,FIC de Fundo Multimercado,1
262,20% sobre o que exceder a 100% do IBOVESPA,15%,Renda Variável,50000.0,a0W6A00000Aa3O2UAJ,165877563.0,6174130459.0,395733238.0,10009057851.0,226105099.0,5.0,FIC de Fundo de Ações,0
263,20% sobre o que exceder a 100% do CDI,Come Cotas,Renda Fixa,50000.0,a0W6A00000Aa4IiUAJ,215801643.0,4252278687.0,391470988.0,9283953228.0,171958454.0,5.0,FIC de Fundo Multimercado,0
264,20% sobre o que exceder a 100% do IPCA + YIELD do IMA-B5,15%,Renda Variável,500000.0,a0W6A00000Aa9KwUAJ,435415664.0,27689026781.0,621672202.0,12325971778.0,178485021.0,5.0,FIC de Fundo de Ações,2
265,20% sobre o que exceder a 100% do CDI,Come Cotas,Renda Fixa,100000.0,a0W6A00000AcB3UUAV,7369192.0,99472326652.0,36132011.0,3718310894.0,28741639.0,4.0,FIC de Fundo Multimercado,1
266,Não,15%,Renda Variável,100000.0,a0W6A00000AcB8eUAF,309428777.0,33276875617.0,56652665.0,10503925657.0,249381298.0,5.0,FIC de Fundo de Ações,0
267,20% sobre o que exceder a 100% do IPCA + 6%,Come Cotas,Renda Fixa,100000.0,a0W6A00000AcuL0UAJ,240205662.0,45415774106.0,34029447.0,8224439872.0,97741013.0,5.0,FIC de Fundo Multimercado,0
268,20% sobre o que exceder a 100% do IBOVESPA,15%,Renda Variável,10000.0,a0W6A00000AcuYxUAJ,453170205.0,36255699362.0,684132934.0,0.0,220949936.0,5.0,FIC de Fundo de Ações,0
269,20% sobre o que exceder a 100% do CDI,Come Cotas,Renda Fixa,50000.0,a0W6A00000AcujrUAB,164532678.0,28576010982.0,197413391.0,2848597663.0,32348475.0,5.0,FIC de Fundo Multimercado,0
270,Não,Come Cotas,Renda Fixa,30000.0,a0W6A00000Au1DBUAZ,36740826.0,16626829805.0,4.177962e+16,2245731202.0,5020349.0,2.0,Fundo de Renda Fixa,3
271,Não,Come Cotas,Renda Fixa,30000.0,a0W6A00000Au2GSUAZ,38401621.0,60758055555.0,44483624.0,2293522369.0,6058736.0,3.0,Fundo de Renda Fixa,1
272,20% sobre o que exceder a 100% do CDI,Come Cotas,Renda Fixa,30000.0,a0W6A00000Au4EOUAZ,42739295.0,46060713181.0,46652255.0,2474727327.0,3896307.0,4.0,FIC de Fundo de Renda Fixa,1
273,20% sobre o que exceder a 100% do IPCA + 5%,Come Cotas,Renda Fixa,1000.0,a0W6A00000Au4QWUAZ,81559541.0,17945583813.0,93308714.0,2443552772.0,11654122.0,4.0,FIC de Fundo Multimercado,1
274,20% sobre o que exceder a 100% do CDI,Come Cotas,Renda Fixa,1000.0,a0W6A00000Au4UiUAJ,55859262.0,3576489085.0,58752094.0,0.0,2876762.0,4.0,FIC de Fundo Multimercado,1
275,20% sobre o que exceder a 100% do CDI,Come Cotas,Renda Fixa,200000.0,a0W6A00000Awa5YUAR,38342582.0,511146115.0,54220002.0,0.0,15816775.0,4.0,FIC de Fundo Multimercado,2
276,20% sobre o que exceder a 100% do IBX,15%,Renda Variável,10000.0,a0W6A00000AwaR2UAJ,211837451.0,9737344773.0,376360876.0,5629294652.0,161110501.0,5.0,FIC de Fundo de Ações,0
277,20% sobre o que exceder a 100% do CDI,Come Cotas,Renda Fixa,100000.0,a0W6A00000B1R9qUAF,-20596353.0,39610123827.0,-32520604.0,2862925162.0,-11948861.0,3.0,Fundo Multimercado,1
278,20% sobre o que exceder a 100% do IBRX 100,15%,Renda Variável,50000.0,a0W6A00000BDZuYUAX,-142995394.0,72705027186.0,17000716.0,0.0,162317171.0,5.0,FIC de Fundo de Ações,0
279,20% sobre o que exceder a 100% do IPCA + YIELD do IMA-B,15%,Renda Variável,50000.0,a0W6A00000BDaCYUA1,58327809.0,23078128981.0,105366497.0,0.0,46765913.0,5.0,FIC de Fundo de Ações,0
280,20% sobre o que exceder a 100% do IPCA + 6%,15%,Renda Variável,50000.0,a0W6A00000BDcCFUA1,-275563465.0,359875961323.0,77451047.0,16623204548.0,3.6301796e+16,5.0,FIC de Fundo de Ações,0
281,20% sobre o que exceder a 100% do IBOVESPA,15%,Renda Variável,10000.0,a0W6A00000BIy6eUAD,159309426.0,233470133609.0,412012252.0,0.0,248740161.0,5.0,Fundo de Ações,0
