,DescontoIR__c,DescricaoCarencia__c,DescricaoEmissor__c,DescricaoProduto__c,DiasVencimento__c,FiltroValorMinimo__c,ProdutoId,RiscoAtivo__c,TaxaEmissao__c,TaxaPreEmissao__c,TipoIndexador__c,Indice_Basileia,Indice_Imobilizacao,label
0,15.0,No venc.,BANCO BS2 S.A.,CDB POS,1081.0,1000.0,a0W3u000009PC0MEAW,2.0,125.0,0.0,CDI,0.1132,0.1739,4
1,15.0,No venc.,BANCO INDUSVAL S.A.,CDB POS,721.0,5000.0,a0W3u000009PCASEA4,4.0,122.0,0.0,CDI,0.0197,1.0,2
2,15.0,No venc.,BANCO ALFA S/A,CDB POS,721.0,5000.0,a0W3u000009PCAcEAO,2.0,103.25,0.0,CDI,0.2085,0.14400000000000002,4
3,15.0,No venc.,BANCO ALFA S/A,CDB POS,1081.0,5000.0,a0W3u000009PCArEAO,3.0,104.0,0.0,CDI,0.2085,0.14400000000000002,0
4,15.0,No venc.,BANCO PINE S.A.,CDB PRE,721.0,5000.0,a0W3u000009PCMNEA4,3.0,0.0,6.02,Pré fixado,0.1232,0.2278,0
5,15.0,No venc.,BANCO MÁXIMA S.A.,CDB POS 1,731.0,1000.0,a0W3u000009PCMXEA4,5.0,100.0,1.6,IPCA,0.0322,0.2625,2
6,15.0,No venc.,BANCO BS2 S.A.,CDB POS,721.0,1000.0,a0W3u000009PCOHEA4,2.0,123.0,0.0,CDI,0.1132,0.1739,4
7,15.0,No venc.,BANCO ABC BRASIL,LCA PRE,1081.0,10000.0,a0W3u000009PCXFEA4,2.0,0.0,5.5,Pré fixado,0.1741,0.0053,1
8,17.5,No venc.,BANCO MÁXIMA S.A.,CDB POS 1,367.0,1000.0,a0W3u000009PDgBEAW,5.0,100.0,0.8,IPCA,0.0322,0.2625,2
9,20.0,No venc.,BANCO BMG S.A.,CDB POS 1,181.0,1000.0,a0W3u000009PDnMEAW,2.0,108.0,0.0,CDI,0.138,0.1906,4
10,17.5,No venc.,BANCO BMG S.A.,CDB POS 1,361.0,1000.0,a0W3u000009PDnREAW,2.0,113.0,0.0,CDI,0.138,0.1906,4
11,15.0,No venc.,BANCO BMG S.A.,CDB POS 1,721.0,1000.0,a0W3u000009PDnWEAW,2.0,117.0,0.0,CDI,0.138,0.1906,4
12,15.0,No venc.,BANCO BMG S.A.,CDB POS 1,1081.0,1000.0,a0W3u000009PDnbEAG,3.0,119.0,0.0,CDI,0.138,0.1906,0
13,15.0,No venc.,BANCO BMG S.A.,CDB POS 1,1440.0,1000.0,a0W3u000009PDngEAG,4.0,121.0,0.0,CDI,0.138,0.1906,3
14,15.0,No venc.,BANCO BMG S.A.,CDB POS 1,1802.0,1000.0,a0W3u000009PDnlEAG,4.0,122.0,0.0,CDI,0.138,0.1906,3
15,22.5,No venc.,BANCO BTG PACTUAL S.A.,LCI POS,90.0,1000.0,a0W3u000009PDq1EAG,1.0,96.0,0.0,CDI,0.1457,0.4956,4
16,22.5,No venc.,BANCO BTG PACTUAL S.A.,LCI POS,180.0,1000.0,a0W3u000009PDq6EAG,1.0,96.0,0.0,CDI,0.1457,0.4956,4
17,20.0,No venc.,BANCO BTG PACTUAL S.A.,LCI POS,360.0,1000.0,a0W3u000009PDqBEAW,1.0,96.0,0.0,CDI,0.1457,0.4956,4
18,17.5,No venc.,BANCO BTG PACTUAL S.A.,LCI POS,542.0,1000.0,a0W3u000009PDqGEAW,2.0,97.0,0.0,CDI,0.1457,0.4956,4
19,17.5,No venc.,BANCO BTG PACTUAL S.A.,LCI POS,720.0,1000.0,a0W3u000009PDqLEAW,2.0,98.0,0.0,CDI,0.1457,0.4956,4
20,15.0,No venc.,BANCO MÁXIMA S.A.,CDB POS 1,1096.0,1000.0,a0W3u000009PDqfEAG,5.0,100.0,2.4,IPCA,0.0322,0.2625,2
21,15.0,No venc.,BANCO MÁXIMA S.A.,CDB POS 1,1827.0,1000.0,a0W3u000009PDqkEAG,5.0,100.0,3.5,IPCA,0.0322,0.2625,3
22,22.5,No venc.,BANCO INDUSVAL S.A.,CDB POS,90.0,5000.0,a0W3u000009PDquEAG,3.0,111.0,0.0,CDI,0.0197,1.0,4
23,17.5,No venc.,BANCO INDUSVAL S.A.,CDB POS,361.0,5000.0,a0W3u000009PDr4EAG,3.0,118.0,0.0,CDI,0.0197,1.0,4
24,22.5,No venc.,BANCO MÁXIMA S.A.,CDB POS 1,90.0,1000.0,a0W3u000009PDyUEAW,5.0,110.0,0.0,CDI,0.0322,0.2625,2
25,15.0,No venc.,BANCO MÁXIMA S.A.,CDB POS 1,1081.0,1000.0,a0W3u000009PDzDEAW,5.0,132.0,0.0,CDI,0.0322,0.2625,2
26,15.0,No venc.,BANCO MÁXIMA S.A.,CDB POS 1,1440.0,1000.0,a0W3u000009PDzIEAW,5.0,133.0,0.0,CDI,0.0322,0.2625,3
27,15.0,No venc.,BANCO MÁXIMA S.A.,CDB POS 1,1802.0,1000.0,a0W3u000009PDzNEAW,5.0,134.0,0.0,CDI,0.0322,0.2625,3
28,17.5,No venc.,BANCO MÁXIMA S.A.,CDB PRE 1,361.0,1000.0,a0W3u000009PDzSEAW,5.0,0.0,6.5,Pré fixado,0.0322,0.2625,2
29,22.5,No venc.,BANCO MÁXIMA S.A.,CDB PRE 1,180.0,1000.0,a0W3u000009PDzXEAW,5.0,0.0,5.0,Pré fixado,0.0322,0.2625,2
30,15.0,No venc.,BANCO MÁXIMA S.A.,CDB PRE 1,721.0,1000.0,a0W3u000009PDzhEAG,5.0,0.0,7.25,Pré fixado,0.0322,0.2625,2
31,15.0,Qualquer dia,BANCO INDUSVAL S.A.,CDB POS,721.0,5000.0,a0W3u00000AdEE5EAN,3.0,105.0,0.0,CDI,0.0197,1.0,0
32,15.0,No venc.,BANCO PINE S.A.,CDB POS,1096.0,5000.0,a0W3u00000AdFJCEA3,3.0,100.0,3.37,IPCA,0.1232,0.2278,0
33,17.5,A partir de 91 dias,POUPEX ASSOCIAÇÃO DE POUPANÇA E EMPRÉSTIMO,LCI POS,367.0,1000.0,a0W3u00000AdFMuEAN,2.0,94.0,0.0,CDI,0.2958,0.0135,4
34,15.0,No venc.,BANCO ALFA S/A,CDB POS,1440.0,5000.0,a0W3u00000AdGHFEA3,3.0,104.5,0.0,CDI,0.2085,0.14400000000000002,0
35,15.0,No venc.,BANCO PINE S.A.,CDB POS,721.0,5000.0,a0W3u00000AdICNEA3,2.0,118.0,0.0,CDI,0.1232,0.2278,4
36,20.0,No venc.,BANCO BS2 S.A.,CDB POS,181.0,1000.0,a0W3u00000AdM1OEAV,2.0,110.0,0.0,CDI,0.1132,0.1739,4
37,17.5,No venc.,BANCO BS2 S.A.,CDB POS,361.0,1000.0,a0W3u00000AdM1TEAV,2.0,112.0,0.0,CDI,0.1132,0.1739,4
38,15.0,No venc.,BANCO PINE S.A.,CDB PRE,1081.0,5000.0,a0W3u00000AdMXVEA3,3.0,0.0,7.09,Pré fixado,0.1232,0.2278,0
39,15.0,No venc.,BANCO BMG S.A.,CDB PRE 1,1081.0,1000.0,a0W3u00000AdMYTEA3,3.0,0.0,6.79,Pré fixado,0.138,0.1906,0
40,15.0,No venc.,BANCO BMG S.A.,CDB PRE 1,721.0,5000.0,a0W3u00000AdNB3EAN,2.0,0.0,6.06,Pré fixado,0.138,0.1906,4
41,20.0,No venc.,BANCO DAYCOVAL,CDB POS,181.0,20000.0,a0W3u00000AdNXWEA3,1.0,104.0,0.0,CDI,0.1577,0.2419,1
42,17.5,No venc.,BANCO DAYCOVAL,CDB POS,361.0,20000.0,a0W3u00000AdNXlEAN,1.0,105.0,0.0,CDI,0.1577,0.2419,1
43,15.0,No venc.,BANCO DAYCOVAL,CDB POS,1081.0,20000.0,a0W3u00000AdNXqEAN,2.0,105.0,0.0,CDI,0.1577,0.2419,1
44,15.0,No venc.,BANCO DAYCOVAL,CDB POS,721.0,20000.0,a0W3u00000AdNXvEAN,2.0,105.0,0.0,CDI,0.1577,0.2419,1
45,22.5,No venc.,BANCO PAN S.A.,CDB POS,90.0,5000.0,a0W3u00000AdNnvEAF,2.0,104.0,0.0,CDI,0.1286,0.1793,4
46,20.0,No venc.,BANCO PAN S.A.,CDB POS,181.0,5000.0,a0W3u00000AdNo5EAF,2.0,105.0,0.0,CDI,0.1286,0.1793,4
47,17.5,No venc.,BANCO PAN S.A.,CDB POS,361.0,5000.0,a0W3u00000AdNoPEAV,2.0,108.0,0.0,CDI,0.1286,0.1793,4
48,15.0,No venc.,BANCO PAN S.A.,CDB POS,721.0,5000.0,a0W3u00000AdNoZEAV,2.0,114.0,0.0,CDI,0.1286,0.1793,4
49,15.0,No venc.,BANCO PAN S.A.,CDB POS,1081.0,5000.0,a0W3u00000AdNojEAF,3.0,117.0,0.0,CDI,0.1286,0.1793,0
50,15.0,No venc.,BANCO FATOR S.A.,CDB PRE,721.0,10000.0,a0W3u00000AdPEiEAN,0.0,0.0,5.4,Pré fixado,0.1887,0.1737,1
51,15.0,No venc.,BANCO FIBRA S.A.,CDB POS,731.0,10000.0,a0W3u00000AdPXDEA3,3.0,120.0,0.0,CDI,0.1202,0.0211,1
52,15.0,No venc.,BANCO FIBRA S.A.,CDB POS,914.0,10000.0,a0W3u00000AdPXIEA3,3.0,120.0,0.0,CDI,0.1202,0.0211,0
53,15.0,No venc.,BANCO FIBRA S.A.,CDB POS,1096.0,10000.0,a0W3u00000AdPXNEA3,3.0,120.5,0.0,CDI,0.1202,0.0211,0
54,15.0,No venc.,BANCO FIBRA S.A.,CDB POS,1461.0,10000.0,a0W3u00000AdPXSEA3,3.0,121.0,0.0,CDI,0.1202,0.0211,0
55,15.0,No venc.,BANCO FIBRA S.A.,CDB POS,1826.0,10000.0,a0W3u00000AdPXcEAN,4.0,122.0,0.0,CDI,0.1202,0.0211,3
56,22.5,No venc.,BANCO FIBRA S.A.,LCA POS,122.0,10000.0,a0W3u00000AdQ4qEAF,2.0,98.0,0.0,CDI,0.1202,0.0211,1
57,20.0,No venc.,BANCO FIBRA S.A.,LCA POS,210.0,10000.0,a0W3u00000AdQ4vEAF,2.0,99.0,0.0,CDI,0.1202,0.0211,1
58,17.5,No venc.,BANCO FATOR S.A.,CDB PRE,361.0,10000.0,a0W3u00000AdRelEAF,0.0,0.0,4.4,Pré fixado,0.1887,0.1737,1
59,17.5,No venc.,BANCO PINE S.A.,CDB PRE,361.0,5000.0,a0W3u00000AdRt2EAF,2.0,0.0,4.57,Pré fixado,0.1232,0.2278,4
60,15.0,No venc.,BANCO MÁXIMA S.A.,CDB PRE 1,2520.0,1000.0,a0W3u00000CWFEtEAP,5.0,0.0,10.0,Pré fixado,0.0322,0.2625,3
61,17.5,No venc.,CARUANA S.A.,LC PRE,367.0,1000.0,a0W3u00000CWFOcEAP,2.0,0.0,5.25,Pré fixado,0.1315,0.0126,4
62,17.5,No venc.,CARUANA S.A.,LC PRE,549.0,1000.0,a0W3u00000CWFOwEAP,2.0,0.0,5.65,Pré fixado,0.1315,0.0126,4
63,20.0,No venc.,CARUANA S.A.,LC PRE,185.0,1000.0,a0W3u00000CWFPfEAP,2.0,0.0,4.75,Pré fixado,0.1315,0.0126,4
64,15.0,No venc.,CARUANA S.A.,LC PRE,731.0,1000.0,a0W3u00000CWFPkEAP,2.0,0.0,6.1,Pré fixado,0.1315,0.0126,4
65,15.0,No venc.,CARUANA S.A.,LC PRE,913.0,1000.0,a0W3u00000CWFPuEAP,2.0,0.0,6.45,Pré fixado,0.1315,0.0126,4
66,15.0,No venc.,BANCO ORIGINAL S.A,CDB POS,721.0,5000.0,a0W3u00000CWFQ4EAP,2.0,118.0,0.0,CDI,0.1364,0.0418,4
67,15.0,No venc.,CARUANA S.A.,LC PRE,1460.0,1000.0,a0W3u00000CWFQ9EAP,3.0,0.0,7.35,Pré fixado,0.1315,0.0126,0
68,15.0,No venc.,CARUANA S.A.,LC PRE,1825.0,1000.0,a0W3u00000CWFQJEA5,3.0,0.0,7.75,Pré fixado,0.1315,0.0126,0
69,17.5,No venc.,BANCO MÁXIMA S.A.,CDB POS 1,361.0,1000.0,a0W3u00000CWFRbEAP,5.0,100.0,2.0,,0.0322,0.2625,2
70,17.5,No venc.,BANCO GMAC S.A.,CDB POS,361.0,1000.0,a0W3u00000CWFVOEA5,1.0,104.0,0.0,CDI,0.2441,0.0638,4
71,15.0,No venc.,BANCO GMAC S.A.,CDB POS,721.0,1000.0,a0W3u00000CWFVTEA5,1.0,105.0,0.0,CDI,0.2441,0.0638,4
72,15.0,No venc.,BANCO GMAC S.A.,CDB POS,1081.0,1000.0,a0W3u00000CWFVYEA5,2.0,106.0,0.0,CDI,0.2441,0.0638,4
73,22.5,No venc.,BANCO BS2 S.A.,CDB POS 1,90.0,1000.0,a0W3u00000CWGX6EAP,2.0,108.0,0.0,CDI,0.1132,0.1739,4
74,20.0,No venc.,BANCO ORIGINAL S.A,LCA POS,360.0,5000.0,a0W3u00000CWGXBEA5,2.0,99.0,0.0,CDI,0.1364,0.0418,4
75,22.5,No venc.,BANCO ORIGINAL S.A,LCA POS,101.0,5000.0,a0W3u00000CWGXGEA5,2.0,96.0,0.0,CDI,0.1364,0.0418,4
76,17.5,No venc.,BANCO FIBRA S.A.,LCA POS,367.0,10000.0,a0W3u00000CWGgIEAX,3.0,100.0,0.0,CDI,0.1202,0.0211,1
77,15.0,No venc.,BANCO PINE S.A.,CDB POS,1081.0,5000.0,a0W3u00000CWGhBEAX,3.0,127.0,0.0,CDI,0.1232,0.2278,0
78,15.0,No venc.,BANCO PINE S.A.,CDB POS,1440.0,5000.0,a0W3u00000CWGhGEAX,3.0,127.0,0.0,CDI,0.1232,0.2278,0
79,15.0,No venc.,BANCO PINE S.A.,CDB POS,1802.0,5000.0,a0W3u00000CWGhLEAX,4.0,127.0,0.0,CDI,0.1232,0.2278,3
80,17.5,No venc.,BANCO ABC BRASIL,LCA PRE,720.0,10000.0,a0W3u00000CWHSpEAP,2.0,0.0,4.95,Pré fixado,0.1741,0.0053,1
81,17.5,No venc.,BANCO AGIBANK S.A.,CDB POS,361.0,1000.0,a0W3u00000CWHqDEAX,2.0,114.0,0.0,CDI,0.1333,0.051,4
82,20.0,No venc.,BANCO SANTANDER (BRASIL) S.A.,LCA POS,181.0,1000.0,a0W3u00000CWIGuEAP,1.0,86.0,0.0,CDI,0.1624,0.0989,4
83,20.0,No venc.,BANCO INDUSVAL S.A.,CDB POS,181.0,5000.0,a0W3u00000CWJ7eEAH,3.0,115.0,0.0,CDI,0.0197,1.0,4
84,15.0,No venc.,BANCO MÁXIMA S.A.,CDB POS 1,721.0,1000.0,a0W3u00000CWJ7oEAH,5.0,100.0,2.25,,0.0322,0.2625,2
85,15.0,No venc.,BANCO MÁXIMA S.A.,CDB POS 1,1081.0,1000.0,a0W3u00000CWJ7yEAH,5.0,100.0,2.5,,0.0322,0.2625,2
86,15.0,No venc.,BANCO MÁXIMA S.A.,CDB POS 1,1440.0,1000.0,a0W3u00000CWJ8mEAH,5.0,100.0,3.0,,0.0322,0.2625,3
87,15.0,No venc.,BANCO MÁXIMA S.A.,CDB POS 1,1802.0,1000.0,a0W3u00000CWJ91EAH,5.0,100.0,4.0,,0.0322,0.2625,3
88,22.5,No venc.,BANCO RODOBENS S.A.,LCI POS,90.0,10000.0,a0W3u00000CWJAxEAP,1.0,98.0,0.0,CDI,0.1587,0.3428,1
89,17.5,No venc.,FACTA FINANCEIRA S.A,LC POS,361.0,5000.0,a0W3u00000CWLhmEAH,5.0,128.0,0.0,CDI,0.2109,0.0562,2
90,15.0,No venc.,FACTA FINANCEIRA S.A,LC POS,721.0,5000.0,a0W3u00000CWLhrEAH,5.0,130.0,0.0,CDI,0.2109,0.0562,2
91,15.0,No venc.,FACTA FINANCEIRA S.A,LC POS,1081.0,5000.0,a0W3u00000CWLhwEAH,5.0,132.0,0.0,CDI,0.2109,0.0562,2
92,15.0,No venc.,FACTA FINANCEIRA S.A,LC POS,1440.0,5000.0,a0W3u00000CWLi1EAH,5.0,134.0,0.0,CDI,0.2109,0.0562,3
93,15.0,No venc.,FACTA FINANCEIRA S.A,LC POS,1802.0,5000.0,a0W3u00000CWLiBEAX,5.0,136.0,0.0,CDI,0.2109,0.0562,3
94,15.0,No venc.,BANCO BS2 S.A.,CDB POS,1081.0,1000.0,a0W3u00000CWMOHEA5,3.0,100.0,1.25,,0.1132,0.1739,0
95,20.0,No venc.,BANCO MÁXIMA S.A.,CDB POS 1,181.0,1000.0,a0W3u00000CWMmYEAX,5.0,127.0,0.0,CDI,0.0322,0.2625,2
96,17.5,No venc.,BANCO TOPAZIO S/A,CDB POS,361.0,1000.0,a0W3u00000CWNjSEAX,2.0,124.0,0.0,CDI,0.1337,0.0213,4
97,15.0,No venc.,BANCO TOPAZIO S/A,CDB POS,721.0,1000.0,a0W3u00000CWNjXEAX,3.0,129.0,0.0,CDI,0.1337,0.0213,4
98,15.0,No venc.,BANCO MÁXIMA S.A.,CDB POS,721.0,1000.0,a0W3u00000CWNsPEAX,5.0,100.0,0.0,CDI,0.0322,0.2625,2
99,15.0,No venc.,SANTANA FINANCEIRA SA,LC POS,721.0,5000.0,a0W3u00000CWNxMEAX,5.0,130.0,0.0,CDI,0.2792,0.0116,2
100,15.0,No venc.,SANTANA FINANCEIRA SA,LC POS,1081.0,5000.0,a0W3u00000CWNxREAX,5.0,132.0,0.0,CDI,0.2792,0.0116,2
101,17.5,No venc.,SOROCRED S/A,LC POS,361.0,1000.0,a0W3u00000CWNzwEAH,5.0,123.0,0.0,CDI,0.1173,0.0164,2
102,15.0,No venc.,SOROCRED S/A,LC POS,721.0,1000.0,a0W3u00000CWO06EAH,5.0,131.0,0.0,CDI,0.1173,0.0164,2
103,20.0,No venc.,BANCO BOCOM BBM S/A,CDB POS,181.0,10000.0,a0W3u00000CWOdUEAX,2.0,106.0,0.0,CDI,0.1581,0.0134,1
104,17.5,No venc.,BANCO BOCOM BBM S/A,CDB POS,361.0,10000.0,a0W3u00000CWOdZEAX,2.0,108.0,0.0,CDI,0.1581,0.0134,1
105,20.0,No venc.,BANCO BOCOM BBM S/A,LCA POS,185.0,10000.0,a0W3u00000CWOdeEAH,1.0,98.0,0.0,CDI,0.1581,0.0134,1
106,17.5,No venc.,BANCO BOCOM BBM S/A,LCA POS,364.0,10000.0,a0W3u00000CWOdjEAH,2.0,100.0,0.0,CDI,0.1581,0.0134,1
107,15.0,No venc.,BANCO BOCOM BBM S/A,LCA POS,731.0,10000.0,a0W3u00000CWOdoEAH,2.0,101.0,0.0,CDI,0.1581,0.0134,1
108,15.0,No venc.,BANCO BOCOM BBM S/A,LCA POS,1081.0,10000.0,a0W3u00000CWOdtEAH,2.0,102.0,0.0,CDI,0.1581,0.0134,1
109,15.0,No venc.,BANCO AGIBANK S.A.,CDB POS,1081.0,1000.0,a0W3u00000CWOkkEAH,3.0,100.0,1.42,,0.1333,0.051,0
110,15.0,No venc.,BANCO AGIBANK S.A.,CDB POS,1442.0,1000.0,a0W3u00000CWOkuEAH,3.0,100.0,1.59,,0.1333,0.051,0
111,17.5,No venc.,BANCO MÁXIMA S.A.,CDB POS 1,361.0,1000.0,a0W3u00000CWOn0EAH,5.0,140.0,0.0,CDI,0.0322,0.2625,2
112,15.0,No venc.,BANCO MÁXIMA S.A.,CDB POS 1,721.0,1000.0,a0W3u00000CWOn5EAH,5.0,140.0,0.0,CDI,0.0322,0.2625,2
113,17.5,No venc.,AGORACRED S.A.,LC POS,361.0,10000.0,a0W3u00000CWOw9EAH,5.0,114.0,0.0,CDI,0.0,0.0,2
114,15.0,No venc.,AGORACRED S.A.,LC POS,721.0,10000.0,a0W3u00000CWOwEEAX,5.0,127.0,0.0,CDI,0.0,0.0,2
115,15.0,No venc.,AGORACRED S.A.,LC POS,1081.0,10000.0,a0W3u00000CWOwFEAX,5.0,130.0,0.0,CDI,0.0,0.0,3
116,15.0,No venc.,AGORACRED S.A.,LC POS,1440.0,10000.0,a0W3u00000CWOwJEAX,5.0,131.0,0.0,CDI,0.0,0.0,3
117,15.0,No venc.,AGORACRED S.A.,LC POS,1802.0,10000.0,a0W3u00000CWOwOEAX,5.0,132.0,0.0,CDI,0.0,0.0,3
118,17.5,No venc.,BANCO C6 S.A.,CDB POS,361.0,1000.0,a0W3u00000CWP3eEAH,3.0,116.0,0.0,CDI,0.1853,0.2258,4
119,15.0,No venc.,BANCO C6 S.A.,CDB POS,721.0,1000.0,a0W3u00000CWP3oEAH,4.0,123.0,0.0,CDI,0.1853,0.2258,2
120,15.0,No venc.,BANCO C6 S.A.,CDB POS,1081.0,1000.0,a0W3u00000CWP3yEAH,4.0,126.0,0.0,CDI,0.1853,0.2258,2
121,15.0,No venc.,BANCO C6 S.A.,CDB POS,1440.0,1000.0,a0W3u00000CWP43EAH,4.0,128.0,0.0,CDI,0.1853,0.2258,3
122,15.0,No venc.,BANCO C6 S.A.,CDB POS,1802.0,1000.0,a0W3u00000CWP48EAH,4.0,129.0,0.0,CDI,0.1853,0.2258,3
123,15.0,No venc.,BANCO ABC BRASIL,LCA PRE,1460.0,10000.0,a0W3u00000CWPBTEA5,3.0,0.0,5.9,Pré fixado,0.1741,0.0053,0
124,15.0,No venc.,BANCO BMG S.A.,CDB PRE 1,1440.0,1000.0,a0W3u00000CWPBnEAP,4.0,0.0,7.36,Pré fixado,0.138,0.1906,3
125,15.0,No venc.,BANCO AGIBANK S.A.,CDB POS,721.0,1000.0,a0W3u00000CWPCbEAP,2.0,125.0,0.0,CDI,0.1333,0.051,4
126,15.0,No venc.,BANCO AGIBANK S.A.,CDB POS,1081.0,1000.0,a0W3u00000CWPCgEAP,3.0,128.0,0.0,CDI,0.1333,0.051,0
127,15.0,No venc.,BANCO AGIBANK S.A.,CDB POS,1440.0,1000.0,a0W3u00000CWPClEAP,3.0,129.0,0.0,CDI,0.1333,0.051,0
128,20.0,No venc.,BANCO PINE S.A.,LCA POS 1,300.0,1000.0,a0W3u00000CWPHgEAP,2.0,104.0,0.0,CDI,0.1232,0.2278,4
129,20.0,No venc.,OMNI BANCO S.A,CDB POS,181.0,10000.0,a0W3u00000CWPMHEA5,2.0,109.0,0.0,CDI,0.1186,0.0296,1
130,17.5,No venc.,OMNI BANCO S.A,CDB POS,361.0,10000.0,a0W3u00000CWPMMEA5,2.0,121.0,0.0,CDI,0.1186,0.0296,1
131,15.0,No venc.,OMNI BANCO S.A,CDB POS,721.0,10000.0,a0W3u00000CWPMREA5,2.0,124.0,0.0,CDI,0.1186,0.0296,1
132,15.0,No venc.,OMNI BANCO S.A,CDB POS,1081.0,10000.0,a0W3u00000CWPMWEA5,2.0,126.0,0.0,CDI,0.1186,0.0296,1
133,15.0,No venc.,OMNI BANCO S.A,CDB POS,1440.0,10000.0,a0W3u00000CWPMbEAP,3.0,128.0,0.0,CDI,0.1186,0.0296,0
134,15.0,No venc.,OMNI BANCO S.A,CDB POS,1802.0,10000.0,a0W3u00000CWPMgEAP,3.0,128.0,0.0,CDI,0.1186,0.0296,0
135,17.5,No venc.,BANCO RODOBENS S.A.,CDB POS,361.0,10000.0,a0W3u00000CWPcUEAX,1.0,117.0,0.0,CDI,0.1587,0.3428,1
136,15.0,No venc.,BANCO RODOBENS S.A.,CDB POS,721.0,10000.0,a0W3u00000CWPcZEAX,2.0,119.0,0.0,CDI,0.1587,0.3428,1
137,15.0,No venc.,BANCO RODOBENS S.A.,CDB POS,1081.0,10000.0,a0W3u00000CWPceEAH,2.0,120.0,0.0,CDI,0.1587,0.3428,1
138,15.0,No venc.,BANCO RODOBENS S.A.,CDB POS,1440.0,10000.0,a0W3u00000CWPcjEAH,3.0,121.0,0.0,CDI,0.1587,0.3428,0
139,15.0,No venc.,BANCO RODOBENS S.A.,CDB POS,1802.0,10000.0,a0W3u00000CWPcoEAH,3.0,122.0,0.0,CDI,0.1587,0.3428,0
140,17.5,No venc.,BANCO RENNER S.A,CDB POS 1,361.0,10000.0,a0W3u00000CWPt1EAH,3.0,112.0,0.0,CDI,0.1226,0.0651,1
141,15.0,No venc.,BANCO RENNER S.A,CDB POS 1,721.0,10000.0,a0W3u00000CWPt6EAH,4.0,121.0,0.0,CDI,0.1226,0.0651,0
142,15.0,No venc.,BANCO RENNER S.A,CDB POS 1,1081.0,10000.0,a0W3u00000CWPtBEAX,4.0,124.0,0.0,CDI,0.1226,0.0651,0
143,15.0,No venc.,BANCO RENNER S.A,CDB POS 1,1440.0,10000.0,a0W3u00000CWPtGEAX,4.0,125.0,0.0,CDI,0.1226,0.0651,0
144,15.0,No venc.,BANCO RENNER S.A,CDB POS 1,1802.0,10000.0,a0W3u00000CWPtLEAX,5.0,125.0,0.0,CDI,0.1226,0.0651,3
145,15.0,No venc.,BANCO BMG S.A.,CDB POS 1,1440.0,1000.0,a0W3u00000CWPtuEAH,4.0,100.0,1.22,,0.138,0.1906,3
146,22.5,No venc.,BANCO ABC BRASIL,LCA POS,90.0,10000.0,a0W3u00000CWPuYEAX,1.0,97.0,0.0,CDI,0.1741,0.0053,1
147,22.5,No venc.,BANCO ABC BRASIL,LCA POS,122.0,10000.0,a0W3u00000CWPudEAH,1.0,98.0,0.0,CDI,0.1741,0.0053,1
148,22.5,No venc.,BANCO ABC BRASIL,LCA POS,180.0,10000.0,a0W3u00000CWPuiEAH,1.0,100.0,0.0,CDI,0.1741,0.0053,1
149,20.0,No venc.,BANCO ABC BRASIL,LCA POS,360.0,10000.0,a0W3u00000CWPunEAH,1.0,100.0,0.0,CDI,0.1741,0.0053,1
150,17.5,No venc.,BANCO ABC BRASIL,LCA POS,542.0,10000.0,a0W3u00000CWPusEAH,2.0,100.0,0.0,CDI,0.1741,0.0053,1
151,17.5,No venc.,BANCO ABC BRASIL,LCA POS,720.0,10000.0,a0W3u00000CWPuxEAH,2.0,101.0,0.0,CDI,0.1741,0.0053,1
152,15.0,No venc.,BANCO ABC BRASIL,LCA POS,1081.0,10000.0,a0W3u00000CWPv2EAH,2.0,102.0,0.0,CDI,0.1741,0.0053,1
153,15.0,No venc.,BANCO ABC BRASIL,LCA POS,1460.0,10000.0,a0W3u00000CWPvCEAX,2.0,102.5,0.0,CDI,0.1741,0.0053,0
154,15.0,No venc.,BANCO PINE S.A.,CDB PRE,1440.0,5000.0,a0W3u00000CWQCIEA5,4.0,0.0,7.37,Pré fixado,0.1232,0.2278,3
155,15.0,No venc.,BANCO PINE S.A.,CDB POS,1827.0,5000.0,a0W3u00000CWQCXEA5,5.0,100.0,3.85,IPCA,0.1232,0.2278,3
156,15.0,No venc.,BANCO BMG S.A.,CDB POS 1,1802.0,1000.0,a0W3u00000CWQJGEA5,4.0,100.0,1.33,,0.138,0.1906,3
157,15.0,No venc.,BANCO BTG PACTUAL S.A.,LCI POS,1081.0,1000.0,a0W3u00000CWQJaEAP,2.0,98.0,0.0,CDI,0.1457,0.4956,4
158,15.0,No venc.,BANCO INDUSVAL S.A.,CDB POS,1081.0,5000.0,a0W3u00000CWQa5EAH,4.0,123.0,0.0,CDI,0.0197,1.0,0
159,15.0,No venc.,BANCO INDUSVAL S.A.,CDB POS,1440.0,5000.0,a0W3u00000CWQaAEAX,5.0,124.0,0.0,CDI,0.0197,1.0,3
160,15.0,No venc.,BANCO MÁXIMA S.A.,CDB PRE 1,2160.0,1000.0,a0W3u00000CWQcVEAX,5.0,0.0,10.0,Pré fixado,0.0322,0.2625,3
161,15.0,No venc.,BANCO BMG S.A.,CDB PRE 1,1802.0,1000.0,a0W3u00000CWQeyEAH,4.0,0.0,7.64,Pré fixado,0.138,0.1906,3
162,15.0,No venc.,BDMG S.A.,LCA POS,731.0,10000.0,a0W3u00000CWQiREAX,3.0,97.0,0.0,CDI,0.0,0.0,1
163,15.0,No venc.,BDMG S.A.,LCA POS,1095.0,10000.0,a0W3u00000CWQiWEAX,3.0,99.0,0.0,CDI,0.0,0.0,0
164,17.5,No venc.,PORTOCRED FINANCEIRA SA,LC POS,361.0,1000.0,a0W3u00000CWR56EAH,5.0,131.0,0.0,CDI,0.2605,0.0868,2
165,15.0,No venc.,PORTOCRED FINANCEIRA SA,LC POS,721.0,1000.0,a0W3u00000CWR5BEAX,5.0,132.0,0.0,CDI,0.2605,0.0868,2
166,15.0,No venc.,PORTOCRED FINANCEIRA SA,LC POS,1081.0,1000.0,a0W3u00000CWR5GEAX,5.0,133.0,0.0,CDI,0.2605,0.0868,2
167,20.0,No venc.,BANCO ALFA S/A,LCA POS,301.0,10000.0,a0W3u00000CWRdXEAX,3.0,100.0,0.0,CDI,0.2085,0.14400000000000002,1
168,15.0,No venc.,OMNI BANCO S.A,CDB PRE,1081.0,10000.0,a0W3u00000CWRdhEAH,3.0,0.0,7.06,Pré fixado,0.1186,0.0296,0
169,22.5,No venc.,BANCO CAIXA GERAL BRASIL S/A,LCA POS,179.0,10000.0,a0W3u00000CWRg2EAH,2.0,96.0,0.0,CDI,0.2851,0.0067,1
170,15.0,No venc.,PORTOCRED FINANCEIRA SA,LC PRE,721.0,1000.0,a0W3u00000CWRgCEAX,5.0,0.0,6.43,Pré fixado,0.2605,0.0868,2
171,15.0,No venc.,PORTOCRED FINANCEIRA SA,LC PRE,1081.0,1000.0,a0W3u00000CWRgHEAX,5.0,0.0,7.05,Pré fixado,0.2605,0.0868,2
172,15.0,No venc.,BANCO DAYCOVAL,CDB PRE,2160.0,20000.0,a0W3u00000CWRgREAX,0.0,0.0,6.59,Pré fixado,0.1577,0.2419,1
173,17.5,No venc.,AVISTA S.A.,LC POS,361.0,5000.0,a0W3u00000CWRhZEAX,5.0,116.0,0.0,CDI,0.0,0.0,2
174,15.0,No venc.,AVISTA S.A.,LC POS,721.0,5000.0,a0W3u00000CWRheEAH,5.0,120.0,0.0,CDI,0.0,0.0,2
175,15.0,No venc.,AVISTA S.A.,LC POS,1081.0,5000.0,a0W3u00000CWRhjEAH,5.0,121.0,0.0,CDI,0.0,0.0,2
176,15.0,No venc.,AVISTA S.A.,LC POS,1440.0,5000.0,a0W3u00000CWRhoEAH,5.0,122.0,0.0,CDI,0.0,0.0,3
177,15.0,No venc.,AVISTA S.A.,LC POS,1802.0,5000.0,a0W3u00000CWRhtEAH,5.0,124.0,0.0,CDI,0.0,0.0,3
178,15.0,No venc.,BANCO BMG S.A.,CDB POS 1,1104.0,1000.0,a0W3u00000CWS2dEAH,3.0,100.0,3.18,IPCA,0.138,0.1906,0
179,15.0,No venc.,BANCO BMG S.A.,CDB POS 1,1469.0,1000.0,a0W3u00000CWS2iEAH,4.0,100.0,3.72,IPCA,0.138,0.1906,3
180,17.5,No venc.,OMNI BANCO S.A,CDB PRE,361.0,10000.0,a0W3u00000CWS2nEAH,2.0,0.0,5.46,Pré fixado,0.1186,0.0296,1
181,15.0,No venc.,OMNI BANCO S.A,CDB PRE,721.0,10000.0,a0W3u00000CWS2sEAH,3.0,0.0,6.44,Pré fixado,0.1186,0.0296,1
182,15.0,No venc.,OMNI BANCO S.A,CDB PRE,1081.0,10000.0,a0W3u00000CWS2xEAH,3.0,0.0,7.21,Pré fixado,0.1186,0.0296,0
183,15.0,No venc.,OMNI BANCO S.A,CDB PRE,1440.0,10000.0,a0W3u00000CWS32EAH,4.0,0.0,7.73,Pré fixado,0.1186,0.0296,0
184,15.0,No venc.,BANCO RENNER S.A,CDB PRE 1,1081.0,5000.0,a0W3u00000CWS37EAH,4.0,0.0,6.89,Pré fixado,0.1226,0.0651,0
185,15.0,No venc.,OMNI BANCO S.A,CDB PRE,1802.0,10000.0,a0W3u00000CWS3CEAX,4.0,0.0,8.03,Pré fixado,0.1186,0.0296,3
186,15.0,No venc.,BANCO RENNER S.A,CDB PRE 1,1440.0,5000.0,a0W3u00000CWS3HEAX,0.0,0.0,7.4,Pré fixado,0.1226,0.0651,4
187,15.0,No venc.,BANCO RENNER S.A,CDB PRE 1,1802.0,5000.0,a0W3u00000CWS3MEAX,0.0,0.0,7.68,Pré fixado,0.1226,0.0651,4
188,20.0,No venc.,BANCO PINE S.A.,CDB POS,181.0,5000.0,a0W6A000001se1GUAQ,2.0,106.0,0.0,CDI,0.1232,0.2278,4
189,17.5,No venc.,BANCO PINE S.A.,CDB POS,361.0,5000.0,a0W6A000001se1LUAQ,2.0,111.0,0.0,CDI,0.1232,0.2278,4
190,20.0,No venc.,BANCO FATOR S.A.,CDB POS,181.0,10000.0,a0W6A000005fLfmUAE,2.0,102.0,0.0,CDI,0.1887,0.1737,1
191,17.5,No venc.,BANCO FATOR S.A.,CDB POS,362.0,10000.0,a0W6A000005fLfrUAE,2.0,105.0,0.0,CDI,0.1887,0.1737,1
192,15.0,No venc.,BANCO FATOR S.A.,CDB POS,721.0,10000.0,a0W6A000005fLfwUAE,3.0,110.0,0.0,CDI,0.1887,0.1737,1
193,15.0,No venc.,BANCO FATOR S.A.,CDB POS,1081.0,10000.0,a0W6A000008XoHoUAK,3.0,112.0,0.0,CDI,0.1887,0.1737,0
194,15.0,Qualquer dia,BANCO CAIXA GERAL BRASIL S/A,CDB POS,721.0,10000.0,a0W6A0000097rueUAA,1.0,95.0,0.0,CDI,0.2851,0.0067,1
195,20.0,No venc.,BANCO CAIXA GERAL BRASIL S/A,CDB POS,181.0,10000.0,a0W6A0000097rz1UAA,1.0,104.0,0.0,CDI,0.2851,0.0067,1
196,17.5,No venc.,BANCO CAIXA GERAL BRASIL S/A,CDB POS,361.0,10000.0,a0W6A0000097rzVUAQ,1.0,107.5,0.0,CDI,0.2851,0.0067,1
197,15.0,No venc.,BANCO CAIXA GERAL BRASIL S/A,CDB POS,721.0,10000.0,a0W6A0000097rzaUAA,2.0,110.5,0.0,CDI,0.2851,0.0067,1
198,15.0,No venc.,BANCO CAIXA GERAL BRASIL S/A,CDB POS,1081.0,10000.0,a0W6A0000097rzfUAA,2.0,110.5,0.0,CDI,0.2851,0.0067,1
199,17.5,No venc.,BANCO SANTANDER (BRASIL) S.A.,CDB POS,361.0,1000.0,a0W6A000009jrmAUAQ,1.0,95.0,0.0,CDI,0.1624,0.0989,4
200,15.0,No venc.,BANCO SANTANDER (BRASIL) S.A.,CDB POS,721.0,1000.0,a0W6A000009jrq3UAA,1.0,96.0,0.0,CDI,0.1624,0.0989,4
201,15.0,No venc.,BANCO SANTANDER (BRASIL) S.A.,CDB POS,1081.0,1000.0,a0W6A000009jrqIUAQ,2.0,97.0,0.0,CDI,0.1624,0.0989,4
202,17.5,No venc.,BANCO SANTANDER (BRASIL) S.A.,LCI POS,361.0,5000.0,a0W6A000009jrqNUAQ,1.0,89.0,0.0,CDI,0.1624,0.0989,4
203,15.0,No venc.,BANCO SANTANDER (BRASIL) S.A.,LCI POS,721.0,5000.0,a0W6A000009jrqXUAQ,1.0,92.0,0.0,CDI,0.1624,0.0989,4
204,15.0,No venc.,BANCO MODAL S.A,CDB POS,1096.0,10000.0,a0W6A000009taKMUAY,2.0,116.25,0.0,CDI,0.1172,0.1422,1
205,20.0,No venc.,BANCO MODAL S.A,CDB POS,181.0,10000.0,a0W6A000009taKRUAY,2.0,106.0,0.0,CDI,0.1172,0.1422,1
206,15.0,No venc.,BANCO MODAL S.A,CDB POS,731.0,10000.0,a0W6A000009taKWUAY,2.0,116.0,0.0,CDI,0.1172,0.1422,1
207,17.5,No venc.,BANCO MODAL S.A,CDB POS,367.0,10000.0,a0W6A000009taKbUAI,2.0,111.0,0.0,CDI,0.1172,0.1422,1
208,22.5,No venc.,BANCO SANTANDER (BRASIL) S.A.,LCA POS,115.0,5000.0,a0W6A000009ujGCUAY,1.0,86.0,0.0,CDI,0.1624,0.0989,4
209,15.0,Qualquer dia,BANCO AGIBANK S.A.,CDB POS,721.0,1000.0,a0W6A00000AF3fzUAD,2.0,97.0,0.0,CDI,0.1333,0.051,4
210,22.5,No venc.,BANCO AGIBANK S.A.,CDB POS,146.0,1000.0,a0W6A00000AF4SoUAL,2.0,104.0,0.0,CDI,0.1333,0.051,4
211,20.0,No venc.,CARUANA S.A.,LC POS,181.0,1000.0,a0W6A00000AK0CnUAL,2.0,108.0,0.0,CDI,0.1315,0.0126,4
212,17.5,No venc.,CARUANA S.A.,LC POS,367.0,1000.0,a0W6A00000AK0CsUAL,2.0,114.0,0.0,CDI,0.1315,0.0126,4
213,17.5,No venc.,CARUANA S.A.,LC POS,549.0,1000.0,a0W6A00000AK0CxUAL,2.0,115.0,0.0,CDI,0.1315,0.0126,4
214,15.0,No venc.,CARUANA S.A.,LC POS,731.0,1000.0,a0W6A00000AK0D2UAL,2.0,116.0,0.0,CDI,0.1315,0.0126,4
215,15.0,No venc.,CARUANA S.A.,LC POS,913.0,1000.0,a0W6A00000AK0D7UAL,2.0,116.5,0.0,CDI,0.1315,0.0126,4
216,15.0,No venc.,CARUANA S.A.,LC POS,1095.0,1000.0,a0W6A00000AK0DCUA1,2.0,117.0,0.0,CDI,0.1315,0.0126,4
217,15.0,No venc.,CARUANA S.A.,LC POS,1460.0,1000.0,a0W6A00000AK0K4UAL,2.0,118.5,0.0,CDI,0.1315,0.0126,0
218,15.0,No venc.,CARUANA S.A.,LC POS,1825.0,1000.0,a0W6A00000AK0KEUA1,3.0,119.5,0.0,CDI,0.1315,0.0126,0
219,20.0,No venc.,PARANA BANCO S.A.,CDB POS,181.0,1000.0,a0W6A00000Aa9rKUAR,1.0,103.0,0.0,CDI,0.24,0.1179,4
220,17.5,No venc.,PARANA BANCO S.A.,CDB POS,361.0,1000.0,a0W6A00000Aa9rUUAR,1.0,104.5,0.0,CDI,0.24,0.1179,4
221,15.0,No venc.,PARANA BANCO S.A.,CDB POS,721.0,1000.0,a0W6A00000Aa9rZUAR,2.0,106.0,0.0,CDI,0.24,0.1179,4
222,15.0,No venc.,PARANA BANCO S.A.,CDB POS,1081.0,1000.0,a0W6A00000Aa9reUAB,2.0,107.0,0.0,CDI,0.24,0.1179,4
223,15.0,No venc.,PARANA BANCO S.A.,CDB POS,1440.0,1000.0,a0W6A00000Aa9rjUAB,3.0,109.0,0.0,CDI,0.24,0.1179,0
224,15.0,No venc.,PARANA BANCO S.A.,CDB POS,1802.0,1000.0,a0W6A00000Aa9roUAB,3.0,110.0,0.0,CDI,0.24,0.1179,0
225,15.0,No venc.,CARUANA S.A.,LC PRE,1095.0,1000.0,a0W6A00000AwdNUUAZ,3.0,0.0,6.8,Pré fixado,0.1315,0.0126,0
